QR,Corn
001E1,mrousavy1436912085531803129.jpg; mrousavy1122240425506602069.jpg; mrousavy3996266792932349520.jpg; mrousavy3989109651839179672.jpg; mrousavy8909182306261260611.jpg; mrousavy3017339739232823337.jpg
001E2,mrousavy6270676175605036756.jpg; mrousavy1431435139190526817.jpg; mrousavy1492285422928527112.jpg; mrousavy4161067989999800289.jpg; mrousavy1193542862365313563.jpg; mrousavy1861283954102923163.jpg
002E1,mrousavy3901060201431258857.jpg; mrousavy6917404721637267735.jpg; mrousavy9003689688425125763.jpg; mrousavy264295537917266046.jpg; mrousavy4979491390622465318.jpg; mrousavy2814863078553169757.jpg
002E2,mrousavy1468361968751602742.jpg; mrousavy1778553971763162947.jpg; mrousavy5806462583022862306.jpg; mrousavy8216889600670254577.jpg; mrousavy4053173581705322056.jpg; mrousavy7236430915155331969.jpg
003E1,mrousavy2729158598080251202.jpg; mrousavy2670132081261483525.jpg; mrousavy9014556981256094035.jpg; mrousavy2927571792943086298.jpg; mrousavy7263443363118148231.jpg; mrousavy7049885426612094811.jpg
003E2,mrousavy5683021139255178676.jpg; mrousavy4152117844355551470.jpg; mrousavy4761895031043233652.jpg; mrousavy538511737235290928.jpg; mrousavy8242459663742133988.jpg; mrousavy6897487684340875275.jpg
004E1,mrousavy7632525201230929230.jpg; mrousavy5795212143015542456.jpg; mrousavy319753638510941591.jpg; mrousavy2295104508013445045.jpg; mrousavy8878766185426164594.jpg; mrousavy5824891531688621427.jpg
004E2,mrousavy5311495682561221061.jpg; mrousavy7036584251252354755.jpg; mrousavy7559038764567594954.jpg; mrousavy4683539760821886016.jpg; mrousavy6535872877308211472.jpg; mrousavy5623889352305587249.jpg
005E1,mrousavy585389209836245440.jpg; mrousavy1113067558447188062.jpg; mrousavy8910993401421425832.jpg; mrousavy3341817728499702837.jpg; mrousavy5459322103215115505.jpg; mrousavy8548765341939119812.jpg
005E2,mrousavy2862378312138386754.jpg; mrousavy8662684423383458280.jpg; mrousavy859253818162615964.jpg; mrousavy8444998009781659145.jpg; mrousavy5460877174506437724.jpg; mrousavy4015512868837204074.jpg
006E1,mrousavy6946126812572675006.jpg; mrousavy7450304021668505652.jpg; mrousavy1939793157177158486.jpg; mrousavy6140039593951218553.jpg; mrousavy4526580073872640663.jpg; mrousavy8171947578931122923.jpg
006E2,mrousavy5420086143087664817.jpg; mrousavy5111553980148696747.jpg; mrousavy8365725943835738330.jpg; mrousavy7209208809029161758.jpg; mrousavy2632127313605424347.jpg; mrousavy789085283502266932.jpg
007E1,mrousavy1015116018427948925.jpg; mrousavy7028233710982771849.jpg; mrousavy343328042930658925.jpg; mrousavy2239523223306764764.jpg; mrousavy2463974873297385589.jpg; mrousavy6165221643870808742.jpg
007E2,mrousavy4371746565701127545.jpg; mrousavy471417133707072847.jpg; mrousavy3397094137418020917.jpg; mrousavy497562675483231951.jpg; mrousavy1089390718148615382.jpg; mrousavy1799306940713188269.jpg
008E1,mrousavy3074351041197120850.jpg; mrousavy1372315028757480401.jpg; mrousavy5970760961467568933.jpg; mrousavy3495272618055347716.jpg; mrousavy2637240013656524174.jpg; mrousavy4465625757770024116.jpg
008E2,mrousavy4186342935432869637.jpg; mrousavy8127049352973444795.jpg; mrousavy3652467320562616253.jpg; mrousavy904703971155799199.jpg; mrousavy8768696335269168411.jpg; mrousavy4050115677704332842.jpg
009E1,mrousavy8085188300424606723.jpg; mrousavy4886530088925811480.jpg; mrousavy7372338938135222922.jpg; mrousavy7468676756269386310.jpg; mrousavy1514766787747920812.jpg; mrousavy4786616192455633145.jpg
009E2,mrousavy4711230596221132431.jpg; mrousavy5179652144575869406.jpg; mrousavy57059085259318214.jpg; mrousavy421663639866689525.jpg; mrousavy5189074574747418808.jpg; mrousavy3401930516289718552.jpg
010E1,mrousavy6620362389470098592.jpg; mrousavy323142637036760830.jpg; mrousavy2694262891328315125.jpg; mrousavy4821726358526176027.jpg; mrousavy8671161402199580157.jpg; mrousavy4775355378246655140.jpg
010E2,mrousavy2821730419583415305.jpg; mrousavy3272701576727376560.jpg; mrousavy6647045847735705129.jpg; mrousavy1140592640991413383.jpg; mrousavy6967774595092745672.jpg; mrousavy6493549773808088420.jpg
011E1,mrousavy8752684692915870071.jpg; mrousavy7402290122607739868.jpg; mrousavy6227635969912133897.jpg; mrousavy7757966729369131392.jpg; mrousavy5060682935682258314.jpg; mrousavy7705312371103959153.jpg
011E2,mrousavy6780300421196880852.jpg; mrousavy3940625305389942461.jpg; mrousavy1227987830547198457.jpg; mrousavy8527658048945797609.jpg; mrousavy8938767106738724242.jpg; mrousavy2643912808851374932.jpg
012E1,mrousavy5636834684489918224.jpg; mrousavy7567350189596652527.jpg; mrousavy4016425656430793362.jpg; mrousavy8311619150591637126.jpg; mrousavy4607261820986468108.jpg; mrousavy8411634695619580762.jpg
012E2,mrousavy3269403034620471855.jpg; mrousavy8688361105904471251.jpg; mrousavy9094009621404859010.jpg; mrousavy8474430272684343302.jpg; mrousavy8878514544111003783.jpg; mrousavy1827568952266216702.jpg
013E1,mrousavy8686480088125203400.jpg; mrousavy8452528838681116752.jpg; mrousavy3432048775341126810.jpg; mrousavy2835433373843918854.jpg; mrousavy5020172421528741047.jpg; mrousavy817316551722118501.jpg
013E2,mrousavy782461154760190978.jpg; mrousavy7863262862521827027.jpg; mrousavy4678556569868510972.jpg; mrousavy1171853778910936290.jpg; mrousavy6866693951580098113.jpg; mrousavy8537044287329320436.jpg
014E1,mrousavy4010844690540241401.jpg; mrousavy7634735117301003738.jpg; mrousavy7098175304303766948.jpg; mrousavy4671595279055994397.jpg; mrousavy7545481584523147015.jpg; mrousavy3381357263558457775.jpg
014E2,mrousavy126386242741400004.jpg; mrousavy9066597834206286938.jpg; mrousavy2531111249008462059.jpg; mrousavy2081349509675538366.jpg; mrousavy1056806689717949912.jpg; mrousavy2460543910077149907.jpg
015E1,mrousavy5285692935288765342.jpg; mrousavy2548908837886762135.jpg; mrousavy7086753058998287366.jpg; mrousavy223414243296612900.jpg; mrousavy7393326897285700645.jpg; mrousavy4508736842620745136.jpg
015E2,mrousavy8710319705981535723.jpg; mrousavy6331801280940681818.jpg; mrousavy856930816737713028.jpg; mrousavy5338753955481050028.jpg; mrousavy3362909139126467348.jpg; mrousavy3530112909612797557.jpg
016E1,mrousavy8191317227493689678.jpg; mrousavy6546508097821754263.jpg; mrousavy5335063471811834925.jpg; mrousavy457719570213704632.jpg; mrousavy2719116293762767642.jpg; mrousavy4830407902541757319.jpg
016E2,mrousavy1905354453132905185.jpg; mrousavy4780285371804344738.jpg; mrousavy7304288169799397308.jpg; mrousavy5088620741430877596.jpg; mrousavy7497707705775249547.jpg; mrousavy1397781886351442421.jpg
017E1,mrousavy1338173909222120193.jpg; mrousavy3277580165685465120.jpg; mrousavy7711816131162064610.jpg; mrousavy653076825165213874.jpg; mrousavy2554522874483878302.jpg; mrousavy310944543289300582.jpg
017E2,mrousavy3493661793742588341.jpg; mrousavy4715747048789257242.jpg; mrousavy512755852389350471.jpg; mrousavy5493015515226207888.jpg; mrousavy6855863156370479471.jpg; mrousavy3181868160134464686.jpg
018E1,mrousavy7364856370311619947.jpg; mrousavy4219237343460823038.jpg; mrousavy4542773862212740295.jpg; mrousavy2861754877259803951.jpg; mrousavy3579026994232842441.jpg; mrousavy587103679018847378.jpg
018E2,mrousavy2923290544307569306.jpg; mrousavy9105591625134295709.jpg; mrousavy2012065837762375067.jpg; mrousavy8711164051234558060.jpg; mrousavy6220975896566658244.jpg; mrousavy8690956400339729349.jpg
019E1,mrousavy7957547391558042042.jpg; mrousavy9012581231010613741.jpg; mrousavy6358920074735106776.jpg; mrousavy1020167156402121848.jpg; mrousavy2493101358606018727.jpg; mrousavy3944790644264911287.jpg
019E2,mrousavy6275956180598310263.jpg; mrousavy9062139667970282567.jpg; mrousavy6630253869487224301.jpg; mrousavy5189010165383506602.jpg; mrousavy2250146957282317729.jpg; mrousavy6282164680626367369.jpg
020E1,mrousavy1633202436617050375.jpg; mrousavy8120780579259960857.jpg; mrousavy5143432129728662568.jpg; mrousavy1398963067988632666.jpg; mrousavy2466638751826043229.jpg; mrousavy5291621848849133872.jpg
020E2,mrousavy1974677288353985396.jpg; mrousavy6682661370666523023.jpg; mrousavy5426542847879029454.jpg; mrousavy4210737444796797702.jpg; mrousavy306556175839753617.jpg; mrousavy6314433908775657603.jpg
021E1,mrousavy6409509321371966239.jpg; mrousavy3577406034075403672.jpg; mrousavy3788098754159027826.jpg; mrousavy4800641798411893529.jpg; mrousavy1680049040005167045.jpg; mrousavy4808932780826110793.jpg
021E2,mrousavy3920375151808516382.jpg; mrousavy5868066085552772474.jpg; mrousavy3169749939232357414.jpg; mrousavy1448237160041846184.jpg; mrousavy3396799050729707830.jpg; mrousavy587237188425210837.jpg
022E1,mrousavy8049982185994620514.jpg; mrousavy7385710367517214959.jpg; mrousavy6479806916111665107.jpg; mrousavy4590968655398808589.jpg; mrousavy8062926476457682700.jpg; mrousavy2144955744772033241.jpg
022E2,mrousavy6950824027007456190.jpg; mrousavy6587189311155750093.jpg; mrousavy5651988159265250707.jpg; mrousavy7166064249008474487.jpg; mrousavy6149822830029729322.jpg; mrousavy2212552085282979666.jpg
023E1,mrousavy80985663727188333.jpg; mrousavy8326332267524626128.jpg; mrousavy7021659268054701414.jpg; mrousavy5440097390265961073.jpg; mrousavy7528892157160570044.jpg; mrousavy5780345932737269118.jpg
023E2,mrousavy444812939229327320.jpg; mrousavy2610480949075160462.jpg; mrousavy6901800519199392793.jpg; mrousavy40652228768862884.jpg; mrousavy1038428671735544416.jpg; mrousavy632044132932657361.jpg
024E1,mrousavy1690071711486019372.jpg; mrousavy64927255601691501.jpg; mrousavy8511394295783794976.jpg; mrousavy1656660294103952587.jpg; mrousavy8461454634612271616.jpg; mrousavy1979756727521343452.jpg
024E2,mrousavy3113359908088987605.jpg; mrousavy4239525014205506561.jpg; mrousavy3489177311199233909.jpg; mrousavy1756670760268805333.jpg; mrousavy4244620319710996028.jpg; mrousavy7670554017610196287.jpg
025E1,mrousavy5836645838992889500.jpg; mrousavy6620315641933491262.jpg; mrousavy8046724895938346914.jpg; mrousavy333462635843823461.jpg; mrousavy6027992808203376928.jpg; mrousavy9119723674952221033.jpg
025E2,mrousavy501822750420739452.jpg; mrousavy922615841900260890.jpg; mrousavy429102250153832161.jpg; mrousavy5435686153357907812.jpg; mrousavy5300646951017170284.jpg; mrousavy1388899555948313393.jpg
026E1,mrousavy5977846170107727360.jpg; mrousavy773170920630989566.jpg; mrousavy8477425588186324379.jpg; mrousavy7617709593695968051.jpg; mrousavy1592480000078280993.jpg; mrousavy2260867410492511545.jpg
026E2,mrousavy4082220827536747886.jpg; mrousavy5585631141677083316.jpg; mrousavy8761467882910198814.jpg; mrousavy342184040478955277.jpg; mrousavy5877049257425684975.jpg; mrousavy8481082944264739197.jpg
027E1,mrousavy5302400778426791266.jpg; mrousavy7098411585201536544.jpg; mrousavy2014512249899519003.jpg; mrousavy3460149905045678989.jpg; mrousavy68120472125602431.jpg; mrousavy3884702285600385266.jpg
027E2,mrousavy1021108276071308015.jpg; mrousavy2162376542983336066.jpg; mrousavy7540936187824278055.jpg; mrousavy2777172548619408422.jpg; mrousavy5910391526451608336.jpg; mrousavy2012038973249238481.jpg
028E1,mrousavy6978242135761035314.jpg; mrousavy3149798396483471241.jpg; mrousavy4682572638078933187.jpg; mrousavy4255536732894562903.jpg; mrousavy2648213110924294530.jpg; mrousavy3263564097124780783.jpg
028E2,mrousavy8254388510139108472.jpg; mrousavy8091776227353482233.jpg; mrousavy3597837514713137721.jpg; mrousavy3632435114556890307.jpg; mrousavy3478227757042836990.jpg; mrousavy148879356307148399.jpg
029E1,mrousavy1603655965260116150.jpg; mrousavy7948497868341597210.jpg; mrousavy5230494344443924828.jpg; mrousavy5714210100009675900.jpg; mrousavy4883825766323705245.jpg; mrousavy755922448192192153.jpg
029E2,mrousavy3877303059499210311.jpg; mrousavy9193381053405073587.jpg; mrousavy3637493322456994868.jpg; mrousavy4746471594761289411.jpg; mrousavy7140839010993585710.jpg; mrousavy3620139748741212262.jpg
030E1,mrousavy1159293752872353757.jpg; mrousavy3217769228771451667.jpg; mrousavy3121014550405785786.jpg; mrousavy7340468915982824756.jpg; mrousavy1820647477361977756.jpg; mrousavy1404583897207706186.jpg
030E2,mrousavy8028999197733571980.jpg; mrousavy3205613058619681950.jpg; mrousavy2922666613211336093.jpg; mrousavy8196275198012271471.jpg; mrousavy7380853325858904273.jpg; mrousavy7084493969481617853.jpg
031E1,mrousavy5458515096688862358.jpg; mrousavy7952778696456938691.jpg; mrousavy6487094633245751513.jpg; mrousavy8856761148742907978.jpg; mrousavy2398870810330776546.jpg; mrousavy2465062018054226334.jpg
031E2,mrousavy5455310947778196259.jpg; mrousavy8601228985914189991.jpg; mrousavy7241343277358692668.jpg; mrousavy7859596632435386463.jpg; mrousavy6405452814676372346.jpg; mrousavy4759331526530909557.jpg
032E1,mrousavy299148066323626200.jpg; mrousavy2673518509568209163.jpg; mrousavy4407128182083006734.jpg; mrousavy1798883528391124077.jpg; mrousavy5954743210985896041.jpg; mrousavy145035809642568229.jpg
032E2,mrousavy7455197580718505166.jpg; mrousavy178971530477842981.jpg; mrousavy5173553808426765636.jpg; mrousavy4016490470888911920.jpg; mrousavy5223711946490388841.jpg; mrousavy3893331984618890615.jpg
033E1,mrousavy2589839313374679290.jpg; mrousavy911756250765400470.jpg; mrousavy5161200543739823282.jpg; mrousavy6180432979228393570.jpg; mrousavy3148145186100191527.jpg; mrousavy2902631010297485030.jpg
033E2,mrousavy2406312456692277076.jpg; mrousavy1088822210655664528.jpg; mrousavy2328550341357405169.jpg; mrousavy8006852373772225605.jpg; mrousavy4082639511360007823.jpg; mrousavy7518918056502777397.jpg
034E1,mrousavy7030662716651335440.jpg; mrousavy4602856652199179076.jpg; mrousavy8002172217329408178.jpg; mrousavy4908299778658758833.jpg; mrousavy1277728100128284870.jpg; mrousavy8795552518107178596.jpg
034E2,mrousavy2532332862202264144.jpg; mrousavy5732829355243373146.jpg; mrousavy4116672363063597920.jpg; mrousavy165784702936048157.jpg; mrousavy1244507222142170681.jpg; mrousavy8560793466877701393.jpg
035E1,mrousavy6984865509994209216.jpg; mrousavy6564454026206692734.jpg; mrousavy7061452916859430076.jpg; mrousavy5931550107980276414.jpg; mrousavy203120234202878022.jpg; mrousavy3828477969557239952.jpg
035E2,mrousavy7739196069783436127.jpg; mrousavy2284218722145739239.jpg; mrousavy5678659728839589713.jpg; mrousavy6388197557310287455.jpg; mrousavy2275594482708192639.jpg; mrousavy8825736361402971603.jpg
036E1,mrousavy7088527466476150210.jpg; mrousavy5945874755177021472.jpg; mrousavy8379768104237953789.jpg; mrousavy7652170648722059555.jpg; mrousavy3861187371148777458.jpg; mrousavy7515087813603581433.jpg
036E2,mrousavy2883461708158495847.jpg; mrousavy6397088828480583922.jpg; mrousavy4853892947035240209.jpg; mrousavy1591982844406500052.jpg; mrousavy2345048892058435614.jpg; mrousavy7602937267098068753.jpg
037E1,mrousavy2975924604546980124.jpg; mrousavy4805535908848107568.jpg; mrousavy2453695551295043841.jpg; mrousavy5391000368000520637.jpg; mrousavy7360019498763102346.jpg; mrousavy5565799090054278893.jpg
037E2,mrousavy613582656283973043.jpg; mrousavy8436959168081079533.jpg; mrousavy6579318167790779860.jpg; mrousavy3837759573777386967.jpg; mrousavy4216097136689252012.jpg; mrousavy4802580507758687187.jpg
038E1,mrousavy2908995856757124943.jpg; mrousavy5938137016328624342.jpg; mrousavy5616024872826198783.jpg; mrousavy9100709319679863207.jpg; mrousavy1765719254859974134.jpg; mrousavy1672359955874393495.jpg
038E2,mrousavy117323485272712997.jpg; mrousavy698039196829228149.jpg; mrousavy8915550254267367426.jpg; mrousavy3802016711472281043.jpg; mrousavy4018946213077693981.jpg; mrousavy3902825578425521606.jpg
039C1,mrousavy2199023887095386517.jpg; mrousavy143256235713890234.jpg; mrousavy8919998295096192857.jpg; mrousavy3615911494086653448.jpg; mrousavy7956109965152012016.jpg; mrousavy7670665386172120371.jpg
039E2,mrousavy1969720354717700800.jpg; mrousavy4602780346595656640.jpg; mrousavy3729905246203654381.jpg; mrousavy6136004034222168501.jpg; mrousavy3850825051581308887.jpg; mrousavy1020457068633425891.jpg
040E1,mrousavy6316530190929270399.jpg; mrousavy5449333807967691646.jpg; mrousavy1055303384769295520.jpg; mrousavy9002712946415318541.jpg; mrousavy2895916337194372213.jpg; mrousavy6995897787676491010.jpg
040E2,mrousavy4355589483197632164.jpg; mrousavy7938818692219127231.jpg; mrousavy8537856574491314089.jpg; mrousavy810371056658955973.jpg; mrousavy7522790053998758028.jpg; mrousavy6177784961352878886.jpg
041E1,mrousavy4407398291065914427.jpg; mrousavy7598788165084145433.jpg; mrousavy1905409708307142419.jpg; mrousavy6339943595042595489.jpg; mrousavy4995734494798736653.jpg; mrousavy4864194409503028340.jpg
041E2,mrousavy8196381364537459325.jpg; mrousavy899873531305472779.jpg; mrousavy1921546431919565169.jpg; mrousavy8738649030730594403.jpg; mrousavy6519726203554673512.jpg; mrousavy979294526294195557.jpg
042E1,mrousavy7753624356678383917.jpg; mrousavy8369331637257166503.jpg; mrousavy5923798422639221862.jpg; mrousavy1713126481773007793.jpg; mrousavy983987586722221694.jpg; mrousavy3647460036283937175.jpg
042E2,mrousavy3494767572321585594.jpg; mrousavy3454887706193925290.jpg; mrousavy2506230700052744078.jpg; mrousavy969066312681748762.jpg; mrousavy8767165387056492518.jpg; mrousavy302446225316477545.jpg
043E1,mrousavy1929333416965933253.jpg; mrousavy791525080026121635.jpg; mrousavy2289898329016328396.jpg; mrousavy7048902081847338888.jpg; mrousavy5163711385441859913.jpg; mrousavy6236424173404958032.jpg
043E2,mrousavy211762830018588892.jpg; mrousavy4364372886458384622.jpg; mrousavy4134298630066885809.jpg; mrousavy3673437889470023296.jpg; mrousavy3340263910399602245.jpg; mrousavy3194467052946562265.jpg
044E1,mrousavy1326797162450925509.jpg; mrousavy6433802390669663982.jpg; mrousavy4100340363166953226.jpg; mrousavy4134365436777858138.jpg; mrousavy5753703239005972801.jpg; mrousavy1811477364805128667.jpg
044E2,mrousavy4309086221717559762.jpg; mrousavy7983245303253150256.jpg; mrousavy3898834342556480313.jpg; mrousavy7190751947707815596.jpg; mrousavy6809275223668270621.jpg; mrousavy5767686815012151157.jpg
045E1,mrousavy1280937722472502705.jpg; mrousavy3406638043048957074.jpg; mrousavy3915392637138368143.jpg; mrousavy2747314302368271332.jpg; mrousavy6740310196493395061.jpg; mrousavy8606729008817148013.jpg
045E2,mrousavy8432458532604178657.jpg; mrousavy5902880938293012905.jpg; mrousavy7564147731554508238.jpg; mrousavy6599854837878533709.jpg; mrousavy5663268657447378175.jpg; mrousavy3455065450119441075.jpg
046E1,mrousavy8750309740899547337.jpg; mrousavy1772544093476055185.jpg; mrousavy494556039550086047.jpg; mrousavy3145637449712484744.jpg; mrousavy6242965297386794603.jpg; mrousavy5422684722314563415.jpg
046E2,mrousavy6967636423619528201.jpg; mrousavy3015903172962233889.jpg; mrousavy2734258559962527870.jpg; mrousavy8907737481830002084.jpg; mrousavy3771194441391591441.jpg; mrousavy568253076679102948.jpg
047E1,mrousavy3414320210285899687.jpg; mrousavy8969252038688508644.jpg; mrousavy7514383135978774751.jpg; mrousavy8201920705897694475.jpg; mrousavy1917979390410398161.jpg; mrousavy5599148167983749023.jpg
047E2,mrousavy436904451065972774.jpg; mrousavy6822671083781694261.jpg; mrousavy3172672207777103915.jpg; mrousavy7498898292513605020.jpg; mrousavy8828071714293829189.jpg; mrousavy4120212002955480167.jpg
048E1,mrousavy1052556616429343216.jpg; mrousavy5127721159721535306.jpg; mrousavy2613866656168603833.jpg; mrousavy5695438411826682362.jpg; mrousavy6469303389729644447.jpg; mrousavy6798016181903113597.jpg
048E2,mrousavy6073884998266585325.jpg; mrousavy1205962139281375562.jpg; mrousavy6344468866663332825.jpg; mrousavy6398085247516361225.jpg; mrousavy3330819401491386148.jpg; mrousavy5365762614772040520.jpg
049E1,mrousavy5186703533379075363.jpg; mrousavy6718066561989686019.jpg; mrousavy497079524042178942.jpg; mrousavy4128673066423503905.jpg; mrousavy3590512281439503424.jpg; mrousavy7637747513136641297.jpg
049E2,mrousavy3108690447977145081.jpg; mrousavy919388058356824337.jpg; mrousavy2736035039563028403.jpg; mrousavy7838796683468615284.jpg; mrousavy3878401960156704280.jpg; mrousavy3928279102695685261.jpg
050E1,mrousavy708337079402270473.jpg; mrousavy3539004623649640540.jpg; mrousavy2143981931577354945.jpg; mrousavy6850087396672616004.jpg; mrousavy1277114949141367283.jpg; mrousavy1728271631197304249.jpg
050E2,mrousavy2456943419537366548.jpg; mrousavy8990871079054246807.jpg; mrousavy4260773989618151627.jpg; mrousavy3090870024289964856.jpg; mrousavy6289545991696013170.jpg; mrousavy3438140745424481429.jpg
051E1,mrousavy5092972150972172558.jpg; mrousavy5899587084259219639.jpg; mrousavy7373097457137729411.jpg; mrousavy6190938173160226299.jpg; mrousavy7760332826062190077.jpg; mrousavy7108819736560408038.jpg
051E2,mrousavy4815057960864453355.jpg; mrousavy5787381995356474635.jpg; mrousavy1135843690236630890.jpg; mrousavy2219198079281408860.jpg; mrousavy9190613097350246348.jpg; mrousavy7734077678196928617.jpg
052E1,mrousavy5841777946216325764.jpg; mrousavy203110596006898766.jpg; mrousavy4688599071393891247.jpg; mrousavy3617657005939161215.jpg; mrousavy3099249749844119339.jpg; mrousavy4401098857325369528.jpg
052E2,mrousavy6952888650841875556.jpg; mrousavy8608287170515072366.jpg; mrousavy6324835785999765974.jpg; mrousavy9134519382703249232.jpg; mrousavy3133332026451215395.jpg; mrousavy998384223320760118.jpg
053E1,mrousavy2517449045576249747.jpg; mrousavy6237149395651271014.jpg; mrousavy2515751270597864886.jpg; mrousavy9221714772687327206.jpg; mrousavy2730159548360951711.jpg; mrousavy5875663073577166840.jpg
053E2,mrousavy4016507452182961693.jpg; mrousavy3589008466576444262.jpg; mrousavy497020949652846117.jpg; mrousavy6987160232539056374.jpg; mrousavy6857315419574801415.jpg; mrousavy3913394899267967862.jpg
054E1,mrousavy6079129722015013711.jpg; mrousavy7446405661505021519.jpg; mrousavy789547239866382072.jpg; mrousavy8385377052005349967.jpg; mrousavy5446986626894353428.jpg; mrousavy495333723837247473.jpg
054E2,mrousavy7248150563267651618.jpg; mrousavy2106638232491059574.jpg; mrousavy5361306802337118881.jpg; mrousavy919144058056678268.jpg; mrousavy6444506875114080522.jpg; mrousavy7553229406135123069.jpg
055E1,mrousavy5203346304406815976.jpg; mrousavy8500038233397634127.jpg; mrousavy1931002650387673380.jpg; mrousavy1215179468625828771.jpg; mrousavy1117759372649702842.jpg; mrousavy7046564542842709112.jpg
055E2,mrousavy5967937754814893410.jpg; mrousavy2081628850673810663.jpg; mrousavy1606584584181750232.jpg; mrousavy3390325340813436922.jpg; mrousavy8694034010632014444.jpg; mrousavy3628787322200019976.jpg
056E1,mrousavy8022736862645237123.jpg; mrousavy2924751479166327190.jpg; mrousavy7686525212843451000.jpg; mrousavy621944586759093627.jpg; mrousavy2959449836795001180.jpg; mrousavy2400587669739751151.jpg
056E2,mrousavy4796379180680011781.jpg; mrousavy4818615006879287198.jpg; mrousavy7614718227899769467.jpg; mrousavy3396414587822581734.jpg; mrousavy9207805177455582450.jpg; mrousavy7676147166023110576.jpg
057E1,mrousavy7972944620912878605.jpg; mrousavy271889346167271066.jpg; mrousavy6883926212633215263.jpg; mrousavy1567431958990063452.jpg; mrousavy3658613091459315015.jpg; mrousavy6668421002229045103.jpg
057E2,mrousavy6724162250369086693.jpg; mrousavy803609569330857280.jpg; mrousavy7090186790852177859.jpg; mrousavy3319575737451936003.jpg; mrousavy5508044298905254707.jpg; mrousavy7898082931813072838.jpg
058E1,mrousavy1467660397515622318.jpg; mrousavy8139841388057646137.jpg; mrousavy421842496226540680.jpg; mrousavy464405116407831627.jpg; mrousavy6254774317817804283.jpg; mrousavy5443278761304955854.jpg
058E2,mrousavy8511075568181823559.jpg; mrousavy6417083807444859697.jpg; mrousavy308658242365212206.jpg; mrousavy2594632622200082866.jpg; mrousavy6548303846120095107.jpg; mrousavy6182710801826163820.jpg
059E1,mrousavy1090609182165632092.jpg; mrousavy5999856990291635666.jpg; mrousavy3650920691417300007.jpg; mrousavy8451231388472222407.jpg; mrousavy5956644862121254302.jpg; mrousavy1159416322549291443.jpg
059E2,mrousavy7917224896931197772.jpg; mrousavy5867667674996033688.jpg; mrousavy7004926891040058288.jpg; mrousavy3468091505570547967.jpg; mrousavy377074157645916664.jpg; mrousavy3739412191705753417.jpg
060E1,mrousavy9049904986145983369.jpg; mrousavy3243145169589080461.jpg; mrousavy5140773670791700350.jpg; mrousavy6368213380990410807.jpg; mrousavy2703181275168805736.jpg; mrousavy7333057626381061458.jpg
060E2,mrousavy6928049121767341729.jpg; mrousavy2702512932985211303.jpg; mrousavy5409790052043405324.jpg; mrousavy801618176750102675.jpg; mrousavy4085535651834463333.jpg; mrousavy871978237232970999.jpg
061E1,mrousavy6575289802701471956.jpg; mrousavy8869505992927535805.jpg; mrousavy5653468416336178276.jpg; mrousavy5862805600382074014.jpg; mrousavy7198567996696792162.jpg; mrousavy8501539745135106018.jpg
061E2,mrousavy497760555687321558.jpg; mrousavy5357076017160783641.jpg; mrousavy3479472602623916325.jpg; mrousavy87337571985373893.jpg; mrousavy2767448034611798431.jpg; mrousavy2414240453808987301.jpg
062E1,mrousavy6476339421165811409.jpg; mrousavy9152560417498564402.jpg; mrousavy185261059597595879.jpg; mrousavy7536998671947420227.jpg; mrousavy6709187877026114025.jpg; mrousavy1416558937289355694.jpg; mrousavy4208114999630441978.jpg
062E2,mrousavy7600949758444603275.jpg; mrousavy6894542970996065214.jpg; mrousavy5426705437864851964.jpg; mrousavy6344083766632018062.jpg; mrousavy802803516648570658.jpg; mrousavy7341990465506315402.jpg; mrousavy6910114414611629632.jpg
063E1,mrousavy7744965096638306450.jpg; mrousavy3291706032218560884.jpg; mrousavy5384082021476493636.jpg; mrousavy3195447210757082001.jpg; mrousavy4223892863988591680.jpg; mrousavy8096117231206622514.jpg; mrousavy7950247764863075324.jpg
063E2,mrousavy5577391616305223163.jpg; mrousavy5703598153604998767.jpg; mrousavy2297785312133710117.jpg; mrousavy1620896382335403797.jpg; mrousavy3131802222974271210.jpg; mrousavy3249275498140197475.jpg
064E01,mrousavy6091812987150793746.jpg; mrousavy809709602003122120.jpg; mrousavy2446181515720454118.jpg; mrousavy6923280329542527951.jpg; mrousavy335014447495928177.jpg; mrousavy6336012404326919532.jpg; mrousavy5616524408650579208.jpg
065E1,mrousavy3062341264578983947.jpg; mrousavy44449440939986643.jpg; mrousavy7053370916131024796.jpg; mrousavy5138989091994814216.jpg
066E1,mrousavy2568865975884097803.jpg; mrousavy2262085063992078621.jpg; mrousavy8556099438080051997.jpg; mrousavy2572667449891464744.jpg; mrousavy5558037491444691826.jpg; mrousavy4014677480746146713.jpg
066E2,mrousavy8478263393457294275.jpg; mrousavy3633587256059212984.jpg; mrousavy7688129147328265987.jpg; mrousavy559448452082913156.jpg; mrousavy3564016808803265759.jpg; mrousavy7983272050974272295.jpg
067E1,mrousavy7454967066161492725.jpg; mrousavy5774848543037880560.jpg; mrousavy993781487153314570.jpg; mrousavy1841155538031471010.jpg; mrousavy8229580924139405815.jpg; mrousavy2471190124534474661.jpg; mrousavy2351050981378591114.jpg
067E2,mrousavy5356240539628804485.jpg; mrousavy6956586207970709437.jpg; mrousavy8369296695776467691.jpg; mrousavy4802175763991911483.jpg; mrousavy7835189383926603903.jpg; mrousavy2585575911095963248.jpg
068E1,mrousavy2409049942015684569.jpg; mrousavy6526918109986912541.jpg; mrousavy709577575643994832.jpg; mrousavy6859847537247206448.jpg; mrousavy8346673918416807206.jpg; mrousavy3966979006728283477.jpg
068E2,mrousavy5852050843474982910.jpg; mrousavy1993666598822479894.jpg; mrousavy6687262304097017918.jpg; mrousavy7462633840923856067.jpg; mrousavy7004440117189225242.jpg; mrousavy723690177937886926.jpg
069E1,mrousavy8554671311252530878.jpg; mrousavy2038310549001635611.jpg; mrousavy5204454180155328481.jpg; mrousavy4849381561498961427.jpg; mrousavy7025507362314187564.jpg; mrousavy1228165728689349536.jpg
069E2,mrousavy8272713856225333611.jpg; mrousavy7105841405599665506.jpg; mrousavy3539694173119334712.jpg; mrousavy9110871351447794162.jpg; mrousavy255485057412801234.jpg; mrousavy337437055951070313.jpg; mrousavy3768525121075258220.jpg
070E1,mrousavy1933356356839379900.jpg; mrousavy2359379626696774791.jpg; mrousavy8581420631424433878.jpg; mrousavy7254411903805091011.jpg; mrousavy6860751814138594869.jpg; mrousavy7991345058774882278.jpg; mrousavy3379570508890770205.jpg; mrousavy4568584674782769140.jpg
070E2,mrousavy6211336891398807868.jpg; mrousavy609228986752893581.jpg; mrousavy195843619979718237.jpg; mrousavy8676322696175665563.jpg; mrousavy1677911109993940630.jpg
071E1,mrousavy6653978967751343147.jpg; mrousavy3736628542986983732.jpg; mrousavy2276014303320886988.jpg; mrousavy3906422597159831063.jpg; mrousavy7798805876967221339.jpg; mrousavy2256287516816950961.jpg
071E2,mrousavy3113874901816688596.jpg; mrousavy2573871145430764861.jpg; mrousavy5866050112115001352.jpg; mrousavy4047088973243359996.jpg; mrousavy7416185473670829376.jpg; mrousavy3936443028124277001.jpg
072E1,mrousavy5724721294193639571.jpg; mrousavy1052693196437495450.jpg; mrousavy5543109383370380672.jpg; mrousavy6097261454329326949.jpg; mrousavy3624338733336759198.jpg
072E2,mrousavy8970912528567229448.jpg; mrousavy2629407160195026388.jpg; mrousavy1999396053194733360.jpg; mrousavy2422363414701203000.jpg; mrousavy5303538297964373985.jpg; mrousavy3831127323265952628.jpg
073E1,mrousavy6683540873349692178.jpg; mrousavy2034091785087567208.jpg; mrousavy1331921630840442571.jpg; mrousavy898535563495269313.jpg; mrousavy3249569039149398520.jpg; mrousavy146706482177600894.jpg
073E2,mrousavy963119710782319171.jpg; mrousavy2453983056016375429.jpg; mrousavy4545930580687276928.jpg; mrousavy6975714529466780230.jpg; mrousavy4435373729501426494.jpg; mrousavy821876537046125305.jpg
074E1,mrousavy4279724327806140549.jpg; mrousavy2880407290391251466.jpg; mrousavy8169956643109429764.jpg; mrousavy9139118504041761885.jpg; mrousavy1652177829395930606.jpg; mrousavy7566991074116951954.jpg; mrousavy9187177429087962743.jpg
074E2,mrousavy5358798236793493231.jpg; mrousavy613420387194023604.jpg; mrousavy4906176356497679452.jpg; mrousavy1448131937255547451.jpg; mrousavy4719002130535346132.jpg; mrousavy4344462865200542879.jpg; mrousavy3075768841640288609.jpg
075E1,mrousavy2115421678709183260.jpg; mrousavy42515179167382563.jpg; mrousavy6998762071789475571.jpg; mrousavy7872934750652553222.jpg; mrousavy7931898059935479662.jpg; mrousavy8631595690634491904.jpg
075E2,mrousavy8083543418979700485.jpg; mrousavy7528751665836545081.jpg; mrousavy2158015540983506034.jpg; mrousavy4305211763958526808.jpg; mrousavy517512912371507997.jpg; mrousavy4621707285142715751.jpg
076E1,mrousavy6248810835683555224.jpg; mrousavy7847469652844479853.jpg; mrousavy5977951141799303413.jpg; mrousavy4637544963785728785.jpg; mrousavy866739028876904265.jpg; mrousavy5870604507948312271.jpg
076E2,mrousavy7106704048956996598.jpg; mrousavy312563327971151658.jpg; mrousavy5726093673161392184.jpg; mrousavy2972584061707887806.jpg; mrousavy6721507571139576708.jpg; mrousavy1419722568843998578.jpg; mrousavy1794916971308965944.jpg; mrousavy6280043022626726667.jpg
077E1,mrousavy8924049997421662389.jpg; mrousavy8210742237506612573.jpg; mrousavy2165451305362480830.jpg; mrousavy5222295989802469805.jpg; mrousavy7998986826033620231.jpg; mrousavy667431265246101620.jpg
077E2,mrousavy4899053678637672427.jpg; mrousavy1430506064645705267.jpg; mrousavy8097849039431016492.jpg; mrousavy557344028062382320.jpg; mrousavy152498176043323443.jpg; mrousavy7521176077574134128.jpg; mrousavy5817076594659908289.jpg
078E1,mrousavy6604734349117540919.jpg; mrousavy1111906049504803557.jpg; mrousavy2081245720669820469.jpg; mrousavy4719958760058222291.jpg; mrousavy305094230883903919.jpg; mrousavy3831096084317797014.jpg; mrousavy9200830387080705143.jpg
078E2,mrousavy916065103081046094.jpg; mrousavy8392970365863447019.jpg; mrousavy7128142013091086391.jpg; mrousavy8454920236538436535.jpg; mrousavy7274734440122094753.jpg; mrousavy2250007837974327590.jpg
079E1,mrousavy7265849119671444485.jpg; mrousavy1899282220912082959.jpg; mrousavy6503340849065349509.jpg; mrousavy2213448123052399043.jpg; mrousavy245453296605371408.jpg; mrousavy495957344136496748.jpg
079E2,mrousavy4881719222739238870.jpg; mrousavy7356099381920951801.jpg; mrousavy2392410011902687326.jpg; mrousavy3296770736924039786.jpg; mrousavy3274459526595418761.jpg; mrousavy5034297146206767733.jpg; mrousavy4616439708758358089.jpg; mrousavy2213836717032259693.jpg
080E1,mrousavy2217317167319331098.jpg; mrousavy1013720966888181839.jpg; mrousavy2593620379855816879.jpg; mrousavy3221300387086379599.jpg; mrousavy9142254616586803589.jpg; mrousavy8641296941727059439.jpg
080E2,mrousavy8885759300175052169.jpg; mrousavy1555714760097700904.jpg; mrousavy5605136014050643530.jpg; mrousavy3733398635688587844.jpg; mrousavy3925926393211897444.jpg; mrousavy5446371449587957779.jpg
081E2,mrousavy6582355994619710328.jpg; mrousavy3958445699670268947.jpg; mrousavy7780765544719602887.jpg; mrousavy298303209587623798.jpg
082E1,mrousavy2089789159306633128.jpg; mrousavy435660045673711847.jpg; mrousavy4579106981159466137.jpg; mrousavy3294869631458264597.jpg; mrousavy1592516524504565470.jpg; mrousavy7266662344336655861.jpg; mrousavy2954777299865211768.jpg
082E2,mrousavy118961232298686276.jpg; mrousavy2937913402000883539.jpg; mrousavy9208303912197049934.jpg; mrousavy4682164731441266661.jpg; mrousavy8697986489723689442.jpg; mrousavy2935118671436466995.jpg; mrousavy6070834407314900122.jpg
083E1,mrousavy5659129054784041687.jpg; mrousavy1574948860340947732.jpg; mrousavy2812383984528573310.jpg; mrousavy8688712451243291373.jpg; mrousavy7597784988659009769.jpg
083E2,mrousavy2514057055764848607.jpg; mrousavy4518141267842293584.jpg; mrousavy4647526374946833057.jpg; mrousavy199677796379102027.jpg; mrousavy179561875753118563.jpg; mrousavy1917818701993368607.jpg
084E1,mrousavy234717952088950749.jpg; mrousavy8695510543604790597.jpg; mrousavy1783531093665389626.jpg; mrousavy6184456422835790256.jpg; mrousavy8136365065385276475.jpg; mrousavy3915738875557897806.jpg; mrousavy3716963235038246074.jpg
084E2,mrousavy1808023210348975627.jpg; mrousavy2311981844510954476.jpg; mrousavy1334702667211435261.jpg; mrousavy3660580688164624645.jpg; mrousavy16983619356445245.jpg; mrousavy6779628309288959872.jpg
085E1,mrousavy8150958815569446220.jpg; mrousavy5731966270756252073.jpg; mrousavy7485642394449082032.jpg; mrousavy833606532535130671.jpg; mrousavy6952557003365672483.jpg; mrousavy1653004679348494630.jpg; mrousavy6645147752786678273.jpg
085E2,mrousavy630696106437233924.jpg; mrousavy8232953832672078560.jpg; mrousavy8927737848947029093.jpg; mrousavy6937094105375314359.jpg; mrousavy5884398146201273427.jpg; mrousavy5531341889430058812.jpg
086E1,mrousavy1329871620822550958.jpg; mrousavy5154396157589815975.jpg; mrousavy2750756866893623898.jpg; mrousavy3762467868996112459.jpg; mrousavy4528196455922428778.jpg; mrousavy5492564747076966105.jpg
086E2,mrousavy2537210407453040740.jpg; mrousavy2783518582315335536.jpg; mrousavy5999128504622699039.jpg; mrousavy736106598513113801.jpg; mrousavy554603805092414110.jpg; mrousavy7603645610345591915.jpg
087E1,mrousavy2756035858686882334.jpg; mrousavy467760403127857892.jpg; mrousavy8343154654886830533.jpg; mrousavy2130819231299782462.jpg; mrousavy7458123233320947410.jpg; mrousavy1401090850945780994.jpg
087E2,mrousavy4969467524051572888.jpg; mrousavy8809904747771151539.jpg; mrousavy3717429482329563966.jpg; mrousavy8378474555010605723.jpg; mrousavy3205547138924834608.jpg
088E1,mrousavy1450835695276582903.jpg; mrousavy6051230938421658028.jpg; mrousavy6326239114538648853.jpg; mrousavy7697890496325309008.jpg; mrousavy6092481977854161714.jpg; mrousavy5813595193373765024.jpg
088E2,mrousavy1968284323024814356.jpg; mrousavy456037088839706087.jpg; mrousavy2980797596918525454.jpg; mrousavy6074363463782934105.jpg; mrousavy4739468271764561214.jpg; mrousavy1574938089864883121.jpg
089E1,mrousavy2217067218998291851.jpg; mrousavy1429587480564064307.jpg; mrousavy724194346329743995.jpg; mrousavy7862534526328188376.jpg; mrousavy7984450424033481756.jpg; mrousavy5984014398584033313.jpg
089E2,mrousavy8384415059449487888.jpg; mrousavy5981960392564137022.jpg; mrousavy1984911012439486350.jpg; mrousavy7196851701859468832.jpg; mrousavy6076561780912805299.jpg; mrousavy4668362826518929822.jpg
090E1,mrousavy1648462382712224978.jpg; mrousavy8380242725880269325.jpg; mrousavy3219102202674451142.jpg; mrousavy6058584311221995184.jpg; mrousavy2861861203166034965.jpg; mrousavy5416283356173764176.jpg
090E2,mrousavy464880920446274073.jpg; mrousavy1881434449907633608.jpg; mrousavy2174591014364950469.jpg; mrousavy3040443606500821456.jpg; mrousavy3051481070845579916.jpg; mrousavy272869503532498407.jpg
091E1,mrousavy868864021153669546.jpg; mrousavy4477167651717704716.jpg; mrousavy8881436647494331594.jpg; mrousavy1624471500458164041.jpg; mrousavy458889610095930551.jpg; mrousavy2281282324675753037.jpg
091E2,mrousavy529304536091509857.jpg; mrousavy3605295953244306046.jpg; mrousavy584535418402137042.jpg; mrousavy6657442673061158041.jpg; mrousavy4883898473529105477.jpg; mrousavy1503498734919597577.jpg
092E1,mrousavy2036603175940611142.jpg; mrousavy4171970639305725937.jpg; mrousavy2570162251402648500.jpg; mrousavy7363039825033041075.jpg; mrousavy1197120282912371103.jpg; mrousavy6388458654282499665.jpg
092E2,mrousavy5173973656484216928.jpg; mrousavy5666668110999708852.jpg; mrousavy2540178451743184020.jpg; mrousavy7619454722193292166.jpg; mrousavy8435668746006441177.jpg; mrousavy1564276714987185266.jpg; mrousavy5227350062164229537.jpg
093E1,mrousavy8409391188786064252.jpg; mrousavy1685424497881598625.jpg; mrousavy5174063421564617254.jpg; mrousavy1671282571838213220.jpg; mrousavy3330629775891530678.jpg; mrousavy3325094544486545423.jpg
093E2,mrousavy2604130275740194513.jpg; mrousavy3983148520465666239.jpg; mrousavy9172271374941738209.jpg; mrousavy8894493590687907594.jpg; mrousavy7670021473895639866.jpg
094E1,mrousavy4542879193054298146.jpg; mrousavy6078826405537202544.jpg; mrousavy2830421422430842676.jpg; mrousavy3556800429054968962.jpg; mrousavy9087567369589086753.jpg
094E2,mrousavy6223173813685564259.jpg; mrousavy7324331683358311671.jpg; mrousavy8771141031509964886.jpg; mrousavy2494535959252227425.jpg; mrousavy7251903590093983189.jpg; mrousavy1766512447146552034.jpg
095E1,mrousavy8178733863512146464.jpg; mrousavy5286880555300709755.jpg; mrousavy693086658774686515.jpg; mrousavy1677568958023471137.jpg; mrousavy6188578873569541233.jpg; mrousavy1042357010511698126.jpg
095E2,mrousavy8142293967820613590.jpg; mrousavy4429600860946909172.jpg; mrousavy877901267502267459.jpg; mrousavy1275789340546024255.jpg; mrousavy5924474100753198693.jpg
096E1,mrousavy7646283240538373893.jpg; mrousavy3627726419589157534.jpg; mrousavy1236521844112714739.jpg; mrousavy662074016017973529.jpg; mrousavy528046829813786863.jpg; mrousavy6705805608890006348.jpg
096E2,mrousavy3219837310594579567.jpg; mrousavy1822270993235105890.jpg; mrousavy9187021862710579587.jpg; mrousavy749545730142452222.jpg; mrousavy4296096292413480994.jpg; mrousavy6522034240076973124.jpg
097E1,mrousavy7658709532351329351.jpg; mrousavy4465976006085334902.jpg; mrousavy3976379374486955386.jpg; mrousavy1506107405244321881.jpg; mrousavy3919184741816370624.jpg; mrousavy2042994815273443994.jpg
097E2,mrousavy2225433007277419169.jpg; mrousavy1378858429211437867.jpg; mrousavy4422137231647685289.jpg; mrousavy2507386442162478441.jpg; mrousavy8783455852308203797.jpg; mrousavy4498299017729219422.jpg
098E1,mrousavy1023868482167305975.jpg; mrousavy1028593717930348033.jpg; mrousavy6225676116546123698.jpg; mrousavy5320314060383384409.jpg; mrousavy8144901454701771235.jpg; mrousavy4333431545150465281.jpg; mrousavy1647531676036776601.jpg
098E2,mrousavy2477972960288275593.jpg; mrousavy4560918385761772738.jpg; mrousavy5472368767015787908.jpg; mrousavy5243604258156930802.jpg; mrousavy5016623328962474465.jpg; mrousavy2413438742076988994.jpg
099E1,mrousavy8543741431147933744.jpg; mrousavy7298698142962425990.jpg; mrousavy7049388158140145782.jpg; mrousavy6233053353092171699.jpg; mrousavy3204172602440680867.jpg; mrousavy3070680216795895969.jpg; mrousavy3492850951227253963.jpg
100E1,mrousavy6535302453854426069.jpg; mrousavy509486873807655600.jpg; mrousavy4690902676181437588.jpg; mrousavy2769309416465238517.jpg; mrousavy6212633374642259197.jpg; mrousavy6144144726341655274.jpg
100E2,mrousavy4549598650304453938.jpg; mrousavy6348941599116297382.jpg; mrousavy130371837720212174.jpg; mrousavy4014142389992911365.jpg; mrousavy3896501497427622295.jpg; mrousavy6527042744507498453.jpg
101E1,mrousavy2129251390453912482.jpg; mrousavy82019999770021704.jpg; mrousavy4519287121351134817.jpg; mrousavy4333001884425954177.jpg; mrousavy7916918902788876218.jpg; mrousavy1791879224023674921.jpg
101E2,mrousavy6024956640007440613.jpg; mrousavy6573906364320473999.jpg; mrousavy2350106091312198544.jpg; mrousavy4880157377207661454.jpg; mrousavy7211311545978243999.jpg; mrousavy858973259704262018.jpg
102E1,mrousavy4517132460160518589.jpg; mrousavy7837026171275461314.jpg; mrousavy6835986628608595808.jpg; mrousavy7576638525698597988.jpg; mrousavy2732026794457345964.jpg; mrousavy228374942288723735.jpg
103E1,mrousavy2014231265657408411.jpg; mrousavy4583622296291654151.jpg; mrousavy1276884914255645653.jpg; mrousavy6558260166309957136.jpg; mrousavy5866343585121984622.jpg; mrousavy9217659653105008493.jpg
103E2,mrousavy6970807911120125231.jpg; mrousavy1062947622711378178.jpg; mrousavy4940657973805530895.jpg; mrousavy2201840916375100190.jpg; mrousavy8215243380379535810.jpg; mrousavy8903378367221490704.jpg
104E1,mrousavy2649468586671782042.jpg; mrousavy2661095143454994166.jpg; mrousavy7884378185051417076.jpg; mrousavy4174729527961925412.jpg; mrousavy9207930796692451217.jpg; mrousavy1122687938171759586.jpg
104E2,mrousavy8082820854532232909.jpg; mrousavy2521495230298682392.jpg; mrousavy8197963522202709535.jpg; mrousavy2400430708627617177.jpg; mrousavy7078623273899212373.jpg; mrousavy76393614782972371.jpg
105E1,mrousavy6383519343815702352.jpg; mrousavy160991261849383463.jpg; mrousavy3649838270057985120.jpg; mrousavy7085120804521084918.jpg; mrousavy7807510756435823314.jpg; mrousavy8264447855958371173.jpg
105E2,mrousavy9099014442018444044.jpg; mrousavy4377025706844070282.jpg; mrousavy7519247621014394611.jpg; mrousavy4527122530066316802.jpg; mrousavy2412722797511798914.jpg; mrousavy1368059772389117503.jpg
106E1,mrousavy4686995712257144156.jpg; mrousavy6905638637350444208.jpg; mrousavy2424659854992517161.jpg; mrousavy6341831098310323836.jpg; mrousavy1197585659855349374.jpg; mrousavy2580194016617669781.jpg
106E2,mrousavy8075863802715909699.jpg; mrousavy1816667519666634282.jpg; mrousavy1319573382593046851.jpg; mrousavy6450215801869098134.jpg; mrousavy9190028526923356899.jpg; mrousavy6125413116802995837.jpg
107E1,mrousavy7683175368885223234.jpg; mrousavy952716217528957663.jpg; mrousavy7973076433051299069.jpg; mrousavy2124706604858230066.jpg; mrousavy4287092550861810093.jpg; mrousavy5599845333071026511.jpg
107E2,mrousavy2792415595792724018.jpg; mrousavy1564472677658848337.jpg; mrousavy3743562316685419040.jpg; mrousavy1990243143329610367.jpg; mrousavy7980649105711443931.jpg; mrousavy9141451744563920729.jpg
108E1,mrousavy6566548126230437993.jpg; mrousavy6273678216716792952.jpg; mrousavy9143246362631473096.jpg; mrousavy3087090701303492455.jpg; mrousavy1169130913772081568.jpg; mrousavy8786084602885531730.jpg
108E2,mrousavy7821650270648075394.jpg; mrousavy4947282710007221309.jpg; mrousavy7284520473788925206.jpg; mrousavy4699812699584497761.jpg; mrousavy1950054362785433146.jpg; mrousavy9171385837158281533.jpg
109E1,mrousavy4303087676257981200.jpg; mrousavy2077483196194661775.jpg; mrousavy9217736886346970744.jpg; mrousavy2638714538021846794.jpg; mrousavy7849908333857701864.jpg; mrousavy6178737814284552722.jpg
109E2,mrousavy5366081707990638708.jpg; mrousavy3855403331835844451.jpg; mrousavy905971274462904846.jpg; mrousavy8470165482683648671.jpg; mrousavy7707134117872130670.jpg; mrousavy8684896123612745361.jpg
110E1,mrousavy7171926575411707685.jpg; mrousavy5452925842005163113.jpg; mrousavy1615882177321068742.jpg; mrousavy6244956469844222538.jpg; mrousavy1676059404930151598.jpg; mrousavy4711795130685867797.jpg
110E2,mrousavy7582068677454535592.jpg; mrousavy6754560946258635725.jpg; mrousavy4209620652258701505.jpg; mrousavy3592388121228965541.jpg; mrousavy7138898790632481573.jpg; mrousavy5794665182270392725.jpg
111E1,mrousavy786238322636452866.jpg; mrousavy6870486725930633094.jpg; mrousavy3949384819251311526.jpg; mrousavy4589975136273235220.jpg; mrousavy8297606340420444566.jpg
111E2,mrousavy4243003796728506732.jpg; mrousavy2298481359558745477.jpg; mrousavy1597429213908388305.jpg; mrousavy1161389359931244423.jpg; mrousavy8390108029679039430.jpg; mrousavy3291163306052225774.jpg
112E1,mrousavy5947186896920311564.jpg; mrousavy8783695907286243098.jpg; mrousavy8061996969706722618.jpg; mrousavy1537286947734684159.jpg; mrousavy7397949233589319858.jpg; mrousavy5454626537482712532.jpg
112E2,mrousavy1173797456893853395.jpg; mrousavy159314547466767789.jpg; mrousavy4374776913377316764.jpg; mrousavy3183209811138190992.jpg; mrousavy6951350464927587828.jpg; mrousavy3450354144762764579.jpg
113E1,mrousavy7353166626156519234.jpg; mrousavy962768349611788368.jpg; mrousavy2044557934685485205.jpg; mrousavy7991605845247691657.jpg; mrousavy4179861980018496480.jpg; mrousavy4049315822483457988.jpg; mrousavy6474667651451030706.jpg
113E2,mrousavy8963965755311829471.jpg; mrousavy5383395233450481372.jpg; mrousavy2972765831061776934.jpg; mrousavy8311905021618322284.jpg; mrousavy344506974222521020.jpg; mrousavy259307492219698135.jpg
114E1,mrousavy4157430855784342003.jpg; mrousavy2620273591973125048.jpg; mrousavy7404361240943563573.jpg; mrousavy1214112879173864650.jpg; mrousavy3261253572877559061.jpg; mrousavy8646374619822667371.jpg; mrousavy3667536959185045913.jpg
114E2,mrousavy4676475578420800818.jpg; mrousavy5409613690878607682.jpg; mrousavy7409565555087276230.jpg; mrousavy2755306815060836224.jpg; mrousavy2979905800559767359.jpg
115E1,mrousavy1491666093368723126.jpg; mrousavy1704939238718046065.jpg; mrousavy7251145151648236622.jpg; mrousavy8696439632895345252.jpg; mrousavy570258730352818413.jpg; mrousavy6710659558768285564.jpg
115E2,mrousavy5526443641068701661.jpg; mrousavy6766720422966462070.jpg; mrousavy5535415882699359060.jpg; mrousavy279462145198571458.jpg; mrousavy7410302058701719231.jpg
116E1,mrousavy4144406279489288040.jpg; mrousavy7908252847938942970.jpg; mrousavy1633460188349902990.jpg; mrousavy221772732152657865.jpg; mrousavy6594199587253829643.jpg; mrousavy6847720963814568405.jpg
116E2,mrousavy6273047265072721264.jpg; mrousavy6279573316818484331.jpg; mrousavy3026647061963289831.jpg; mrousavy3547305564459100081.jpg; mrousavy899676432134290436.jpg; mrousavy1150551639074079815.jpg
117E1,mrousavy7761426392031089945.jpg; mrousavy6337071894015456986.jpg; mrousavy4352021743078166089.jpg; mrousavy1327379623665318714.jpg; mrousavy8009120680026958522.jpg; mrousavy1461262241346554947.jpg
117E2,mrousavy5925224508362101893.jpg; mrousavy5736246776848128727.jpg; mrousavy1016538065069964344.jpg; mrousavy3352105134071530154.jpg; mrousavy8028755752696954315.jpg; mrousavy995066804396956902.jpg
118E1,mrousavy5541987304628519187.jpg; mrousavy4779631855650535122.jpg; mrousavy701917394882095662.jpg; mrousavy126644323485835098.jpg; mrousavy5791003746615888196.jpg; mrousavy3082302282929597942.jpg
118E2,mrousavy4325798296949445080.jpg; mrousavy9106336889814824880.jpg; mrousavy3933080931449600621.jpg; mrousavy6851069260067165700.jpg; mrousavy3021876746399917811.jpg; mrousavy7059795397780502911.jpg; mrousavy3902809209410236475.jpg
119E1,mrousavy1413817983077024204.jpg; mrousavy1869968380991072060.jpg; mrousavy3235083966520934726.jpg; mrousavy8669980616957638172.jpg; mrousavy146112100553515024.jpg; mrousavy7397496962587985648.jpg
119E2,mrousavy2186476771015254696.jpg; mrousavy4312218798937663555.jpg; mrousavy4902731564336572705.jpg; mrousavy8794443332144113175.jpg; mrousavy5153652667707740406.jpg; mrousavy2449468230717559767.jpg
120E1,mrousavy7103606649355675857.jpg; mrousavy2332538615876763363.jpg; mrousavy620724627952413017.jpg; mrousavy4155770454388179457.jpg; mrousavy9186547892694624443.jpg; mrousavy8758801039602359621.jpg
120E2,mrousavy2649847373665015642.jpg; mrousavy796927455511257487.jpg; mrousavy2964741358218977852.jpg; mrousavy5249226612073064958.jpg; mrousavy3642314371252939971.jpg; mrousavy3959698048239561374.jpg
121E1,mrousavy8115992644685067593.jpg; mrousavy1820907810264769763.jpg; mrousavy7190536101513432595.jpg; mrousavy7352245995545585822.jpg; mrousavy6049313505947577855.jpg; mrousavy4250518148935243511.jpg
121E2,mrousavy5964746011310382396.jpg; mrousavy8535495845198973778.jpg; mrousavy3018325546860763007.jpg; mrousavy7417706263383947550.jpg; mrousavy1813508613968340208.jpg; mrousavy8749911519823931023.jpg
122E1,mrousavy8733346884898053466.jpg; mrousavy1710898398954127082.jpg; mrousavy4551653994191055071.jpg; mrousavy1194089642070147727.jpg; mrousavy6287567291953363098.jpg; mrousavy7157746721171782516.jpg
122E2,mrousavy1138073993483933206.jpg; mrousavy3066441761402841673.jpg; mrousavy7303736544395232954.jpg; mrousavy3298275759885591309.jpg
123E1,mrousavy3204789473575502263.jpg; mrousavy2761902923718297670.jpg; mrousavy3765133967006016532.jpg; mrousavy7432112417235578691.jpg; mrousavy6253311166796213257.jpg; mrousavy3590367258070662293.jpg
123E2,mrousavy5499808255070262734.jpg; mrousavy831472108777443494.jpg; mrousavy6576329588181389972.jpg; mrousavy9032293580353785091.jpg; mrousavy2317677487051172520.jpg; mrousavy5103392822229600156.jpg
124E1,mrousavy6630914428984861618.jpg; mrousavy1204372630232671162.jpg; mrousavy2307826936387563738.jpg; mrousavy5283500958670035107.jpg; mrousavy6062662410100159594.jpg; mrousavy6434101920730815927.jpg
124E2,mrousavy212913150050520002.jpg; mrousavy4443094171740899758.jpg; mrousavy7141407400186105470.jpg; mrousavy5795147827704506462.jpg; mrousavy5393112730920029305.jpg; mrousavy5350341138886738837.jpg
125E1,mrousavy56515373505613415.jpg; mrousavy7215481874231874646.jpg; mrousavy2469055411281167532.jpg; mrousavy4760066239287309655.jpg; mrousavy7119426492735446567.jpg; mrousavy4240892020944512386.jpg
125E2,mrousavy787212567001357087.jpg; mrousavy7805065148950354551.jpg; mrousavy39875419561051474.jpg; mrousavy1939283113226035977.jpg; mrousavy5470939261112043675.jpg; mrousavy5431010456873100867.jpg
126E1,mrousavy6865772489991059718.jpg; mrousavy7984270868006365006.jpg; mrousavy1250494332706067568.jpg; mrousavy2378397480718559957.jpg; mrousavy3760090959310986220.jpg; mrousavy2248724403552710647.jpg
126E2,mrousavy8678629196220555443.jpg; mrousavy437995526079183369.jpg; mrousavy5950180891906363761.jpg; mrousavy4915681519631143446.jpg; mrousavy521340139029552581.jpg; mrousavy8991344061178187993.jpg
127E1,mrousavy4025145773183570497.jpg; mrousavy6073062358148754102.jpg; mrousavy3153300294251011684.jpg; mrousavy7784422857460960610.jpg; mrousavy4368184075383514562.jpg; mrousavy2372634426515133059.jpg
127E2,mrousavy1256451256884979829.jpg; mrousavy4187866889789694295.jpg; mrousavy7784263635427704612.jpg; mrousavy5055573605173092056.jpg; mrousavy7382649944717612030.jpg; mrousavy7411075326861098738.jpg
128E1,mrousavy5931758857773400144.jpg; mrousavy3589662920760315440.jpg; mrousavy7825482984609254953.jpg; mrousavy9117143034693452738.jpg; mrousavy6886104312119763057.jpg; mrousavy6356882112120755643.jpg
128E2,mrousavy99296552322976640.jpg; mrousavy7461087342569181729.jpg; mrousavy3776356632009803917.jpg; mrousavy4030278536842728404.jpg; mrousavy8138174493966320454.jpg; mrousavy2429519759555741362.jpg
129E1,mrousavy2296184327579030016.jpg; mrousavy5596061440837408471.jpg; mrousavy2062859432681049140.jpg; mrousavy7793266594699881811.jpg; mrousavy3427584350029632125.jpg; mrousavy9160211480547895402.jpg
129E2,mrousavy5696469890055877143.jpg; mrousavy3430608065226740621.jpg; mrousavy8456093958204788776.jpg; mrousavy5265956877557007770.jpg; mrousavy4458298438359271800.jpg; mrousavy1112537286577161332.jpg
130E1,mrousavy357521157953835224.jpg; mrousavy8693888258166631271.jpg; mrousavy6033051297496735651.jpg; mrousavy4246568404997833126.jpg; mrousavy7161754200483431615.jpg; mrousavy2572900404789737160.jpg
130E2,mrousavy6903313808496989533.jpg; mrousavy4311576139009666666.jpg; mrousavy3781806057819134923.jpg; mrousavy4271428615306552484.jpg; mrousavy1965368974713718461.jpg; mrousavy7793955674715552726.jpg
131E1,mrousavy6026802330113486755.jpg; mrousavy8836123986029328855.jpg; mrousavy8467645833203081998.jpg; mrousavy5887084451849165407.jpg; mrousavy7239024190431767373.jpg; mrousavy4363923373516957690.jpg
131E2,mrousavy1915285123853535154.jpg; mrousavy1235728856147409139.jpg; mrousavy147979126211934630.jpg; mrousavy9019791218976619881.jpg; mrousavy3735788214303273487.jpg; mrousavy4903745919226014585.jpg
132E1,mrousavy5833815336126893544.jpg; mrousavy8992157938364716352.jpg; mrousavy895190600150752740.jpg; mrousavy1786799924209531863.jpg; mrousavy4749861149795299747.jpg; mrousavy3807042923219269800.jpg
132E2,mrousavy6798689328332250368.jpg; mrousavy3069952037155964702.jpg; mrousavy5615381990992471490.jpg; mrousavy4749571771627182158.jpg; mrousavy2533919918875609093.jpg; mrousavy162488856103103656.jpg
133E1,mrousavy525409835737201649.jpg; mrousavy3830827262865860987.jpg; mrousavy2386039430162779448.jpg; mrousavy6519115754383094336.jpg; mrousavy7708343263071484263.jpg; mrousavy2200430098340763396.jpg
133E2,mrousavy5104241275805644958.jpg; mrousavy6914146247942759855.jpg; mrousavy6428245600855029528.jpg; mrousavy2456843414730276437.jpg; mrousavy5011015748863372273.jpg; mrousavy8043409878000080580.jpg
134E1,mrousavy555855581654997306.jpg; mrousavy1836838172453735203.jpg; mrousavy7304243966065068425.jpg; mrousavy8225408659114362985.jpg; mrousavy4261234213982868704.jpg; mrousavy6143873775463007810.jpg
134E2,mrousavy7295706405533312733.jpg; mrousavy2464496618972479875.jpg; mrousavy125461056276739936.jpg; mrousavy8682778322632330905.jpg; mrousavy8876244362897867732.jpg; mrousavy4256660115285974531.jpg
135E1,mrousavy1605691658672871375.jpg; mrousavy9004041915768469618.jpg; mrousavy1202781848685904122.jpg; mrousavy4437042121198439251.jpg; mrousavy7353986746069416575.jpg; mrousavy6078667188857327416.jpg
135E2,mrousavy6236920978375182438.jpg; mrousavy6334526092212335506.jpg; mrousavy8781366804805806284.jpg; mrousavy2401200528207860494.jpg; mrousavy1516946011187910209.jpg; mrousavy5659453471195044110.jpg
136E1,mrousavy3861305107761031493.jpg; mrousavy3440320255836015401.jpg; mrousavy5677016585388871117.jpg; mrousavy619053182690325074.jpg; mrousavy1496286976568115775.jpg; mrousavy2549553438103484354.jpg
136E2,mrousavy7452957990682195075.jpg; mrousavy34926823324015499.jpg; mrousavy2036606715088829524.jpg; mrousavy8186404108304675662.jpg; mrousavy7235574676915073800.jpg; mrousavy8239491673720535197.jpg
137E1,mrousavy6030278509274229332.jpg; mrousavy5853491287106535894.jpg; mrousavy8927038341069274978.jpg; mrousavy6227541525779984478.jpg; mrousavy1645602470080695381.jpg; mrousavy4323244044948845963.jpg
137E2,mrousavy1261940096079090369.jpg; mrousavy8986480212840116243.jpg; mrousavy3917254085302962642.jpg; mrousavy9083554800653873415.jpg; mrousavy3615040596254164632.jpg; mrousavy8795553380213965269.jpg
138E1,mrousavy8026218229018385138.jpg; mrousavy8350198153867016667.jpg; mrousavy6952790593398457442.jpg; mrousavy613136081892777242.jpg; mrousavy8147130064570342646.jpg; mrousavy6926535657138735317.jpg
138E2,mrousavy6658610604994111943.jpg; mrousavy2437744225990360062.jpg; mrousavy3303848848879116847.jpg; mrousavy696029462651977269.jpg; mrousavy8386739347293499464.jpg; mrousavy7889184207356228625.jpg
139E1,mrousavy9003971125316456022.jpg; mrousavy2760469286560387612.jpg; mrousavy4098512331940665962.jpg; mrousavy8274558560060680692.jpg; mrousavy8108293434755055973.jpg; mrousavy4014425886673152387.jpg
139E2,mrousavy2242379499361966233.jpg; mrousavy8275723081061027321.jpg; mrousavy3332526664002146828.jpg; mrousavy2087024573856724047.jpg; mrousavy2958354334682000047.jpg; mrousavy2307033940644312292.jpg
140E1,mrousavy4701103203481920777.jpg; mrousavy9191029562170179285.jpg; mrousavy1177374354993280093.jpg; mrousavy7348012040514627589.jpg; mrousavy3977920065022782599.jpg; mrousavy4524744576166381118.jpg
140E2,mrousavy2512416928402628024.jpg; mrousavy8728425346629162406.jpg; mrousavy4438897059154623345.jpg; mrousavy9093178176596446443.jpg; mrousavy5365061618691523677.jpg; mrousavy471918156079133503.jpg
141E1,mrousavy7726655582968608115.jpg; mrousavy3756219649580925400.jpg; mrousavy12457569977706662.jpg; mrousavy7149485539409342190.jpg; mrousavy6000304694315597559.jpg; mrousavy4190840186784529173.jpg
141E2,mrousavy6724131674080982512.jpg; mrousavy8097967277154710765.jpg; mrousavy4096089120162852136.jpg; mrousavy246449457195304633.jpg; mrousavy5223069535749282756.jpg; mrousavy5592033542703593472.jpg
142E1,mrousavy430752261947345422.jpg; mrousavy4135190524615862958.jpg; mrousavy6107531461862161811.jpg; mrousavy6396038838949943764.jpg; mrousavy8550302652276006914.jpg; mrousavy9079118272073069233.jpg
142E2,mrousavy687597055040362679.jpg; mrousavy8301249692061551942.jpg; mrousavy5899438020230472119.jpg; mrousavy7650843986378428626.jpg; mrousavy2802935011449160742.jpg; mrousavy8742388594050295374.jpg
143E1,mrousavy7995605709264852929.jpg; mrousavy4316133849432805788.jpg; mrousavy6743684941751846852.jpg; mrousavy4738418929714041767.jpg; mrousavy4793668841544600584.jpg; mrousavy3007333795140029835.jpg
143E2,mrousavy4362392703253987329.jpg; mrousavy8090588376601896047.jpg; mrousavy4702870358315169767.jpg; mrousavy212840018966825209.jpg; mrousavy8732148825004962231.jpg; mrousavy4708731535216001809.jpg
144E1,mrousavy8122880160508223865.jpg; mrousavy3924771756573820198.jpg; mrousavy4398962254418050790.jpg; mrousavy1665585551820556985.jpg; mrousavy3391460999055635559.jpg; mrousavy4984033714816962193.jpg
144E2,mrousavy4952034233139215280.jpg; mrousavy6653180625967757137.jpg; mrousavy3548629798884599267.jpg; mrousavy6302217954118361205.jpg; mrousavy5500705785949379068.jpg; mrousavy5928579082716916348.jpg
145E1,mrousavy5226395705648808784.jpg; mrousavy4416071934451185774.jpg; mrousavy517651276235334447.jpg; mrousavy2243238948717661506.jpg; mrousavy2318526132637493532.jpg; mrousavy6791912837569344435.jpg
145E2,mrousavy3867896690346057325.jpg; mrousavy4578595647652252968.jpg; mrousavy9171857398680338691.jpg; mrousavy1777059270929702242.jpg; mrousavy195928735558503044.jpg; mrousavy1048823821790151599.jpg
146E1,mrousavy566233514578265854.jpg; mrousavy5119267525929093652.jpg; mrousavy3097852048412881569.jpg; mrousavy3969530767547745790.jpg; mrousavy2459874859238431337.jpg; mrousavy1571345089476843354.jpg
146E2,mrousavy6798511127365790114.jpg; mrousavy6234237323692702593.jpg; mrousavy2967426113793956000.jpg; mrousavy4157450561193686136.jpg; mrousavy7979480413733544964.jpg; mrousavy3419921397966167971.jpg
147E1,mrousavy6236880027644860093.jpg; mrousavy6119239801343473455.jpg; mrousavy1074181928390825214.jpg; mrousavy3191554822958095235.jpg; mrousavy2644120198350994970.jpg; mrousavy3493154698819303249.jpg
147E2,mrousavy7471233098148017002.jpg; mrousavy1493958762437850979.jpg; mrousavy3189481465079369684.jpg; mrousavy2366343704633348383.jpg; mrousavy431878820274506620.jpg; mrousavy1817902276934007572.jpg
148E1,mrousavy4167578395476817148.jpg; mrousavy6111034853596604438.jpg; mrousavy587388789090595026.jpg; mrousavy5014955702854732010.jpg; mrousavy8619774049063447431.jpg; mrousavy806486819122879388.jpg
148E2,mrousavy8713477788515636200.jpg; mrousavy1571028661157863029.jpg; mrousavy1162071046738421257.jpg; mrousavy2091219892266282113.jpg; mrousavy9043525092916140709.jpg; mrousavy3142397480389447648.jpg
149E1,mrousavy8354706651413259345.jpg; mrousavy9027545511595630496.jpg; mrousavy1208285870110234911.jpg; mrousavy2292709041837742399.jpg; mrousavy7520831671755997898.jpg; mrousavy1547495827007289544.jpg
149E2,mrousavy347415169741968943.jpg; mrousavy2416564362541564947.jpg; mrousavy4217667310117626333.jpg; mrousavy316731092198023036.jpg; mrousavy8603441145125045257.jpg; mrousavy1190682997749188472.jpg
150E1,mrousavy5263106869769562453.jpg; mrousavy8401561976792329956.jpg; mrousavy3085967409287756916.jpg; mrousavy2995516192466079560.jpg; mrousavy6967393113409600699.jpg; mrousavy5958703181037687394.jpg
150E2,mrousavy4044177598339258038.jpg; mrousavy1180486981082243518.jpg; mrousavy3601823609154126480.jpg; mrousavy6371111589682409940.jpg; mrousavy6782309854646797651.jpg; mrousavy4626029949578885654.jpg
151E1,mrousavy2515252012200316239.jpg; mrousavy5511961031553278536.jpg; mrousavy3921108133590967825.jpg; mrousavy2855329492636123962.jpg; mrousavy5395432333365904653.jpg; mrousavy367610736439886778.jpg
151E2,mrousavy4066974041759460876.jpg; mrousavy1200150009688602837.jpg; mrousavy5769581616037212599.jpg; mrousavy6163459167452472793.jpg; mrousavy5587680538461678914.jpg; mrousavy5997064093956839250.jpg
152E1,mrousavy6066305671870027337.jpg; mrousavy376452035446972980.jpg; mrousavy5875276791169841023.jpg; mrousavy595211659528457181.jpg; mrousavy8095536925408253900.jpg; mrousavy766250693451813974.jpg
152E2,mrousavy7628800007266720624.jpg; mrousavy6066634890991330400.jpg; mrousavy5482105045112200594.jpg; mrousavy527458385352626109.jpg; mrousavy4275139847868268315.jpg; mrousavy2303898842305511303.jpg
153E1,mrousavy7245357967909845349.jpg; mrousavy3948352698795602705.jpg; mrousavy7734171624331209787.jpg; mrousavy2913144435442926405.jpg; mrousavy2910875862016259678.jpg; mrousavy1437669627374573425.jpg
153E2,mrousavy4798144268141025806.jpg; mrousavy8866854733884462039.jpg; mrousavy5299661838614338650.jpg; mrousavy1239075286513875096.jpg; mrousavy5831968804353863015.jpg; mrousavy6810455929348243131.jpg
154E1,mrousavy7396447043956908018.jpg; mrousavy861423924309490112.jpg; mrousavy4523217558704446762.jpg; mrousavy6911260706426866147.jpg; mrousavy6145459448785661309.jpg; mrousavy1739337258997055483.jpg
154E2,mrousavy3946729445414784129.jpg; mrousavy4994705354351711417.jpg; mrousavy7641627128644899366.jpg; mrousavy739729316916725373.jpg; mrousavy7261036896343307796.jpg; mrousavy245180408253837894.jpg
155E1,mrousavy8981930949730960968.jpg; mrousavy3731238088297627581.jpg; mrousavy5654436386487461173.jpg; mrousavy7600634379687195915.jpg; mrousavy871297384678035667.jpg; mrousavy308775372871951728.jpg
155E2,mrousavy376553031802485408.jpg; mrousavy8247437306455330984.jpg; mrousavy8134357247725945903.jpg; mrousavy5708219688581789559.jpg; mrousavy6356958565542414927.jpg; mrousavy1241398953256967669.jpg
156E1,mrousavy1984507961062052913.jpg; mrousavy7634346610718171455.jpg; mrousavy5054613303041074003.jpg; mrousavy3285541995725069488.jpg; mrousavy7598213348007743143.jpg; mrousavy1556176411607556346.jpg
156E2,mrousavy5528189359813620710.jpg; mrousavy6681776835047265776.jpg; mrousavy2303226286325055220.jpg; mrousavy7351058606232254611.jpg; mrousavy2109622951932145411.jpg; mrousavy6530101731359030776.jpg
157E1,mrousavy287389901353815023.jpg; mrousavy2536907171111091163.jpg; mrousavy2886971951465495654.jpg; mrousavy9048368443359385742.jpg; mrousavy7383932324087656985.jpg; mrousavy5135967287195147796.jpg
157E2,mrousavy5205801456235964554.jpg; mrousavy2894554605597384618.jpg; mrousavy4891520216822760985.jpg; mrousavy7007719518687163471.jpg; mrousavy4009691998072050857.jpg; mrousavy2945887030560210806.jpg
158E1,mrousavy5753131264368687382.jpg; mrousavy7690631516653172841.jpg; mrousavy3548314320049825471.jpg; mrousavy8148915128853214397.jpg; mrousavy3973591710905956865.jpg; mrousavy8955049269930667825.jpg
158E2,mrousavy1630171168717194874.jpg; mrousavy8985050291682224046.jpg; mrousavy1741030972298177596.jpg; mrousavy2795233297815773756.jpg; mrousavy4416853866862539654.jpg; mrousavy4615783702300439945.jpg
159E1,mrousavy7925296998836345400.jpg; mrousavy3284119388934259968.jpg; mrousavy1810053534001548330.jpg; mrousavy4680723911016654024.jpg; mrousavy4533755937509454343.jpg; mrousavy3998359843540757043.jpg
159E2,mrousavy6198121577826580332.jpg; mrousavy8354150754110711398.jpg; mrousavy9184769890243628130.jpg; mrousavy8365527157951645751.jpg; mrousavy6893415281785903215.jpg; mrousavy6459420115774596479.jpg
160E1,mrousavy1654554937367265167.jpg; mrousavy3145122838778680055.jpg; mrousavy8571999727919966749.jpg; mrousavy7037568278761056339.jpg; mrousavy2433450782806183513.jpg; mrousavy8847880224389979597.jpg
160E2,mrousavy166212624473835563.jpg; mrousavy1557509085336952027.jpg; mrousavy9120683846129847389.jpg; mrousavy5987683637019317040.jpg; mrousavy7558155939417539775.jpg; mrousavy4694414160887227828.jpg
161E1,mrousavy7702271336582687220.jpg; mrousavy7732087277056158437.jpg; mrousavy2639150721898737632.jpg; mrousavy8734998886776806492.jpg; mrousavy6438155957912116165.jpg; mrousavy5919140216463633018.jpg
161E2,mrousavy3487054018690894725.jpg; mrousavy1503856834259355435.jpg; mrousavy7496337144824935691.jpg; mrousavy2643475029095516536.jpg; mrousavy7287257208674121624.jpg; mrousavy7472536857143486515.jpg
162E1,mrousavy6449860477225745663.jpg; mrousavy6653625577103669408.jpg; mrousavy3118040494211668601.jpg; mrousavy5517072527907043993.jpg; mrousavy292624718649430391.jpg; mrousavy4844678292439408068.jpg
162E2,mrousavy4763783144661657957.jpg; mrousavy1496499808108930270.jpg; mrousavy6620447868316201096.jpg; mrousavy1191741364538281768.jpg; mrousavy1533177748261647391.jpg; mrousavy7769228006606500926.jpg
163E1,mrousavy4833375770791613170.jpg; mrousavy260195056190664001.jpg; mrousavy2329167702156340047.jpg; mrousavy6469593035231830017.jpg; mrousavy6343003469000868006.jpg; mrousavy16973545690963908.jpg
163E2,mrousavy1066575293338309082.jpg; mrousavy2593746248763791423.jpg; mrousavy6335211973722193494.jpg; mrousavy5926708629806409126.jpg; mrousavy8270380276766253918.jpg; mrousavy2969156043555761133.jpg
164E1,mrousavy2629667144560520395.jpg; mrousavy2869300745266158307.jpg; mrousavy2401787563110831730.jpg; mrousavy3356475880321303348.jpg; mrousavy5039645227058156834.jpg; mrousavy6766235946153671580.jpg
164E2,mrousavy1656499766806554526.jpg; mrousavy8637174234763618048.jpg; mrousavy7001449607816025100.jpg; mrousavy3480149149334162906.jpg; mrousavy3251562458811696163.jpg; mrousavy6034174042596347653.jpg
165E1,mrousavy6609510032362358450.jpg; mrousavy3671899608446277580.jpg; mrousavy2159103214229459735.jpg; mrousavy3484072713126853521.jpg; mrousavy4039936942657141507.jpg; mrousavy62987431441906853.jpg
165E2,mrousavy5841572206538733886.jpg; mrousavy7455548500855909909.jpg; mrousavy5740688228445146119.jpg; mrousavy2222582636853012772.jpg; mrousavy8251108900748119018.jpg; mrousavy5397226390904561654.jpg
166E1,mrousavy6023037124434621453.jpg; mrousavy7438958085556271068.jpg; mrousavy2152053974709302637.jpg; mrousavy2856331242210746972.jpg; mrousavy7787114627268462813.jpg; mrousavy7080451262294509940.jpg
166E2,mrousavy6313402691110472190.jpg; mrousavy3538837177781430647.jpg; mrousavy4574694871104886450.jpg; mrousavy7740884681669100799.jpg; mrousavy459489726405893309.jpg; mrousavy2658855095444493657.jpg
167E1,mrousavy8391726965209141124.jpg; mrousavy4484019910169594818.jpg; mrousavy5946729151552440183.jpg; mrousavy2801317005378268577.jpg; mrousavy7966974136196118298.jpg; mrousavy6259226221210981346.jpg
167E2,mrousavy6468874094190887318.jpg; mrousavy772157781116567774.jpg; mrousavy9083756704030013929.jpg; mrousavy404228153621729248.jpg; mrousavy2133529222026817189.jpg; mrousavy7805869071434154090.jpg
168E1,mrousavy8585193588878158590.jpg; mrousavy9126580493488306833.jpg; mrousavy3566310527550547136.jpg; mrousavy3750385244898918361.jpg; mrousavy978765622549651778.jpg; mrousavy6327920686687537412.jpg
168E2,mrousavy1542418036645177215.jpg; mrousavy4495239433594958528.jpg; mrousavy1472600585821004866.jpg; mrousavy1220552903750158766.jpg; mrousavy2921725642993547496.jpg; mrousavy8778291699254286861.jpg
169E1,mrousavy6387536329778780170.jpg; mrousavy8006882512334243116.jpg; mrousavy732098127257566488.jpg; mrousavy4992450393643420268.jpg; mrousavy5026618463176203763.jpg; mrousavy4670535166764323349.jpg
169E2,mrousavy5538178860987154337.jpg; mrousavy1062648468178354096.jpg; mrousavy3021129594690918849.jpg; mrousavy7600280368582703480.jpg; mrousavy4767830426892444851.jpg; mrousavy5792886973590585039.jpg
170E1,mrousavy1107394695750802901.jpg; mrousavy8985302658468514634.jpg; mrousavy6251441928981982386.jpg; mrousavy6998287602102748636.jpg; mrousavy7700512670133061958.jpg; mrousavy1261986883312521214.jpg
170E2,mrousavy304279606419061231.jpg; mrousavy3981597735452195090.jpg; mrousavy4751103789043403644.jpg; mrousavy6369996899614839687.jpg; mrousavy408900149702561829.jpg; mrousavy1782155879080717430.jpg
171E1,mrousavy7802770451918608678.jpg; mrousavy6915810000042240687.jpg; mrousavy2442452671738975070.jpg; mrousavy4748951157373006904.jpg; mrousavy3785391786867472217.jpg; mrousavy6244092598901527878.jpg
171E2,mrousavy6033475719059563200.jpg; mrousavy2569883649683575367.jpg; mrousavy3847437557949599374.jpg; mrousavy7790260157076090462.jpg; mrousavy6248746249212739691.jpg; mrousavy5280051699521262669.jpg
172E1,mrousavy6777859856582811374.jpg; mrousavy6809577053269764699.jpg; mrousavy7335180933989780287.jpg; mrousavy4658187085061380695.jpg; mrousavy6402989501355216078.jpg; mrousavy3899269989695134505.jpg
172E2,mrousavy4496121891884371146.jpg; mrousavy7233118588896255569.jpg; mrousavy6528308651236121229.jpg; mrousavy5677551011827001540.jpg; mrousavy7450787343479508744.jpg; mrousavy4211111558546266072.jpg
173E1,mrousavy910316603329433069.jpg; mrousavy7702943902802635992.jpg; mrousavy6965067166099736193.jpg; mrousavy1858067816657211653.jpg; mrousavy9177261277125112770.jpg; mrousavy6321850491712231218.jpg
173E2,mrousavy5216140017489240730.jpg; mrousavy8189380306905965105.jpg; mrousavy8343098319443745959.jpg; mrousavy3769855071764686746.jpg; mrousavy7927021089580445815.jpg; mrousavy6216390085818192107.jpg
174E1,mrousavy6988362763270196400.jpg; mrousavy3863504366134247503.jpg; mrousavy4443187956541753284.jpg; mrousavy4086800410211731066.jpg; mrousavy4425002433248555270.jpg; mrousavy286911624812565648.jpg
174E2,mrousavy4855380079307172886.jpg; mrousavy2977285478665849876.jpg; mrousavy8551245882623058326.jpg; mrousavy5804026010987763161.jpg; mrousavy5466346079586313760.jpg; mrousavy5452095659326705453.jpg
175E1,mrousavy3808270850763177445.jpg; mrousavy8756188292271622288.jpg; mrousavy8552607063693900076.jpg; mrousavy2124338662091197557.jpg; mrousavy6987361417609554006.jpg; mrousavy5066817880599089467.jpg
175E2,mrousavy3442256784744821996.jpg; mrousavy7374407218524149001.jpg; mrousavy2542975741044200374.jpg; mrousavy3165518732618436717.jpg; mrousavy265754655257989246.jpg; mrousavy5611411710185060248.jpg
176E1,mrousavy4509666683336008688.jpg; mrousavy2084963921542490012.jpg; mrousavy5723622459498039960.jpg; mrousavy1713696075021510836.jpg; mrousavy893503395666526853.jpg; mrousavy5208133117414803766.jpg
176E2,mrousavy6048064682392090734.jpg; mrousavy1746239027651643375.jpg; mrousavy8027110118596421821.jpg; mrousavy1503664142344030121.jpg; mrousavy7716747185897236886.jpg; mrousavy8859006261892567407.jpg
177E1,mrousavy3158116219941986658.jpg; mrousavy5651245378061968174.jpg; mrousavy6082830679083194752.jpg; mrousavy381187968390946234.jpg; mrousavy5122966971491484984.jpg; mrousavy6343833009616146018.jpg
177E2,mrousavy6615626488024273243.jpg; mrousavy9026058689165411537.jpg; mrousavy735271346106489820.jpg; mrousavy2007622055141011401.jpg; mrousavy2838806984005953989.jpg; mrousavy7150760671621539438.jpg
178E1,mrousavy4723203286705942384.jpg; mrousavy9152753293307732992.jpg; mrousavy5238025605620946343.jpg; mrousavy4062923958291887747.jpg; mrousavy3894975649581362160.jpg; mrousavy7283568369369717579.jpg
178E2,mrousavy4609587933508769665.jpg; mrousavy2908826211262821142.jpg; mrousavy4351634531824627685.jpg; mrousavy1718679816249359973.jpg; mrousavy5195437663069633574.jpg; mrousavy2895474627958243796.jpg
179E1,mrousavy9189684145626624820.jpg; mrousavy2730741041756974886.jpg; mrousavy2045779092052194952.jpg; mrousavy8665701365685563943.jpg; mrousavy1143577184301334430.jpg; mrousavy6727820005716439306.jpg
179E2,mrousavy2397533344195947937.jpg; mrousavy179052850132436851.jpg; mrousavy6738798641011565293.jpg; mrousavy6909781980211535297.jpg; mrousavy7361116337235792853.jpg; mrousavy1045141048678797198.jpg
180E1,mrousavy7658835611996356050.jpg; mrousavy2637459929569622793.jpg; mrousavy7773456198805627298.jpg; mrousavy6097421381855779329.jpg; mrousavy8154037658037212201.jpg; mrousavy8383413748020096344.jpg
180E2,mrousavy541052908390863424.jpg; mrousavy6715183167157339681.jpg; mrousavy1483475691506510195.jpg; mrousavy6403077043849153544.jpg; mrousavy6459782875840481025.jpg; mrousavy5439357775505641091.jpg
181E1,mrousavy4970229797899103654.jpg; mrousavy1947032864361461493.jpg; mrousavy1142716229456200288.jpg; mrousavy1624391508766375310.jpg; mrousavy9056049965589126743.jpg; mrousavy6155816361024522470.jpg
181E2,mrousavy3938659907303037079.jpg; mrousavy7784113140275561071.jpg; mrousavy1162798700683994282.jpg; mrousavy6956239669179646479.jpg; mrousavy8309409138411818785.jpg; mrousavy4045044296153066768.jpg
182E1,mrousavy8823604900628888835.jpg; mrousavy1727467335833603527.jpg; mrousavy1583335790215111366.jpg; mrousavy3260128962825756189.jpg; mrousavy2447921341900650743.jpg; mrousavy7603027781413924443.jpg
182E2,mrousavy5591786063453123485.jpg; mrousavy4107807190699357952.jpg; mrousavy5981265840979176033.jpg; mrousavy3601416627159551319.jpg; mrousavy7318916789059889092.jpg; mrousavy4466140235770087908.jpg
183E1,mrousavy4079954275944202517.jpg; mrousavy7026175392861876888.jpg; mrousavy8088984451631029269.jpg; mrousavy2932335673824692660.jpg; mrousavy9146244881148416941.jpg; mrousavy330212154610161443.jpg
183E2,mrousavy8898875157030136052.jpg; mrousavy3980055031621794332.jpg; mrousavy5297364686297639546.jpg; mrousavy6828639202054674578.jpg; mrousavy8874607051812838173.jpg; mrousavy741712638944698246.jpg
184E1,mrousavy1225263641717836357.jpg; mrousavy7820468300459260852.jpg; mrousavy2326390841179711442.jpg; mrousavy6515561606661996380.jpg; mrousavy5783621580775602561.jpg; mrousavy1283267802851717051.jpg
184E2,mrousavy1009908617132010541.jpg; mrousavy3717793628657735746.jpg; mrousavy5251530934822843622.jpg; mrousavy4616494951644314742.jpg; mrousavy5644719021878259044.jpg; mrousavy3072556266195604950.jpg
185E1,mrousavy275649801523126662.jpg; mrousavy2763386658274333399.jpg; mrousavy351589144122888442.jpg; mrousavy19825950045874488.jpg; mrousavy7567873117011306567.jpg; mrousavy2508959718628822585.jpg
185E2,mrousavy1255841671454847483.jpg; mrousavy4824901093828543741.jpg; mrousavy8839097116607386004.jpg; mrousavy7229151920973256282.jpg; mrousavy4796951855570319187.jpg; mrousavy3566878185789772634.jpg
186E1,mrousavy6785144074706717957.jpg; mrousavy1763348998348742804.jpg; mrousavy897964534017182063.jpg; mrousavy388062785995160370.jpg; mrousavy3135303428476146184.jpg; mrousavy6193230107512584069.jpg
186E2,mrousavy4865257815154175226.jpg; mrousavy3867249638897772838.jpg; mrousavy718229533806478556.jpg; mrousavy571020367612869905.jpg; mrousavy6806783206596203799.jpg; mrousavy8460610390556973864.jpg
187E1,mrousavy2496083879559652862.jpg; mrousavy1355396514523426287.jpg; mrousavy2624496589341170855.jpg; mrousavy9117866186153592467.jpg; mrousavy8619835233532355214.jpg; mrousavy7018733524237999048.jpg
187E2,mrousavy5271154915192395367.jpg; mrousavy5387292886516982466.jpg; mrousavy8040068729456690231.jpg; mrousavy1632859636015398731.jpg; mrousavy1835460813610511332.jpg; mrousavy4480065303258689285.jpg
188E1,mrousavy1112837715657480350.jpg; mrousavy5013318479113741098.jpg; mrousavy9165555362483541595.jpg; mrousavy4105240494263258280.jpg; mrousavy4196196567851477223.jpg
188E2,mrousavy3479988108506660121.jpg; mrousavy4170151567957700236.jpg; mrousavy6101328424055579832.jpg; mrousavy7884699625165517467.jpg; mrousavy8243944323991857086.jpg; mrousavy2416215223783806682.jpg
189E1,mrousavy3257247135037275858.jpg; mrousavy4026650849183224202.jpg; mrousavy6564658312360297000.jpg; mrousavy8966521680309084864.jpg; mrousavy3819204832086915947.jpg; mrousavy1630407675668349316.jpg
189E2,mrousavy4727189540096240065.jpg; mrousavy8552308066041374755.jpg; mrousavy5069952030699839643.jpg; mrousavy5805966913209536754.jpg; mrousavy3504776097388282081.jpg; mrousavy979626829366982921.jpg
190E1,mrousavy8724657841057247499.jpg; mrousavy2397394545646029464.jpg; mrousavy6111533585706234560.jpg; mrousavy7582632842448675753.jpg; mrousavy366957901176195352.jpg; mrousavy8806441046936565643.jpg
190E2,mrousavy8907606572302858014.jpg; mrousavy1548254901083321419.jpg; mrousavy1786615360091504215.jpg; mrousavy3255319240282320356.jpg; mrousavy635278322978540356.jpg; mrousavy175893264503465749.jpg
191E1,mrousavy2009481805334942847.jpg; mrousavy6524164418966521167.jpg; mrousavy4161762230028499192.jpg; mrousavy5203281026847511724.jpg; mrousavy8040204171663610391.jpg; mrousavy602377177096377305.jpg
191E2,mrousavy3821772830941539490.jpg; mrousavy4101194498564495347.jpg; mrousavy7643079835847515200.jpg; mrousavy7850045223038658044.jpg; mrousavy5853526475492349991.jpg; mrousavy6307477004995101201.jpg
192E1,mrousavy7390269985442175933.jpg; mrousavy8850814393823919516.jpg; mrousavy4129081855932395517.jpg; mrousavy676020459564622988.jpg; mrousavy6522751959687579626.jpg; mrousavy4961520985366127087.jpg
192E2,mrousavy8493915774019540799.jpg; mrousavy8180865216751581349.jpg; mrousavy2916586135687615039.jpg; mrousavy8846791171836122647.jpg; mrousavy2169219006232659425.jpg; mrousavy2656957444788263808.jpg
193E1,mrousavy4872940250387275738.jpg; mrousavy1009613325838495790.jpg; mrousavy5021949427157253741.jpg; mrousavy4011535965288599502.jpg; mrousavy1087146020632050935.jpg; mrousavy6370377238862297201.jpg
193E2,mrousavy4558834757386539166.jpg; mrousavy866740956167163840.jpg; mrousavy6453430641207659353.jpg; mrousavy5796232201346770190.jpg; mrousavy2570189926953030486.jpg; mrousavy7551710935726823050.jpg
194E1,mrousavy7389892852956444240.jpg; mrousavy9162105565302482401.jpg; mrousavy7760168883138447376.jpg; mrousavy6669504384093914945.jpg; mrousavy633526633700375464.jpg; mrousavy1240921469738111131.jpg
194E2,mrousavy2062488702179502671.jpg; mrousavy8202766213246335862.jpg; mrousavy3952079199301782733.jpg; mrousavy2067548611541005112.jpg; mrousavy8241528426292533612.jpg; mrousavy621245023094221765.jpg
195E1,mrousavy499369030337095217.jpg; mrousavy2707893738508041950.jpg; mrousavy1232583248212293834.jpg; mrousavy2736832494019796206.jpg; mrousavy3699305025642903070.jpg; mrousavy5989263415955938769.jpg
195E2,mrousavy1284492617520701481.jpg; mrousavy3964089856603292266.jpg; mrousavy4594784630182375261.jpg; mrousavy699447445406612941.jpg; mrousavy3223981107080014245.jpg; mrousavy5974925394739392620.jpg
196E1,mrousavy7117042938179662427.jpg; mrousavy8111885660796124999.jpg; mrousavy4598621047882224522.jpg; mrousavy3433133658599706855.jpg; mrousavy3343722261011032103.jpg; mrousavy9026874838175677821.jpg
196E2,mrousavy6231054864580043500.jpg; mrousavy42715381194517850.jpg; mrousavy2233641771710684020.jpg; mrousavy879421374656611463.jpg; mrousavy1342586462330173065.jpg; mrousavy4458384238026253628.jpg
197E1,mrousavy1408367005635392076.jpg; mrousavy1863103946842942671.jpg; mrousavy4990349236799276591.jpg; mrousavy7031906309753700495.jpg; mrousavy8645651999488462731.jpg; mrousavy8724508157152406933.jpg
197E2,mrousavy2936069818559218299.jpg; mrousavy2337136184161373678.jpg; mrousavy3156026404492223482.jpg; mrousavy7646209404383136867.jpg; mrousavy1008075221696129247.jpg; mrousavy1269202118920185581.jpg
198E1,mrousavy4102845628249206981.jpg; mrousavy7094889199086389889.jpg; mrousavy8288282121434474914.jpg; mrousavy2921490890684280856.jpg; mrousavy5469252326042437612.jpg; mrousavy3004150924273869128.jpg
198E2,mrousavy5435177173202484247.jpg; mrousavy2927029808624503359.jpg; mrousavy4612574021291521362.jpg; mrousavy3263130828319325147.jpg; mrousavy6709349295785795363.jpg; mrousavy1645146256273112138.jpg
199E1,mrousavy8284966058680928696.jpg; mrousavy7971211705859894760.jpg; mrousavy8419801330984021198.jpg; mrousavy6094229146551643552.jpg; mrousavy8868518639289646012.jpg; mrousavy8526412226871338172.jpg
199E2,mrousavy50709890842645698.jpg; mrousavy8240253702854711920.jpg; mrousavy5946277896951154269.jpg; mrousavy168706052328916219.jpg; mrousavy9004475890359653392.jpg; mrousavy4852522649240543016.jpg
200E1,mrousavy8557179101727364559.jpg; mrousavy1992705319984298629.jpg; mrousavy6591977059733268933.jpg; mrousavy4187421172006823312.jpg; mrousavy5215973272978697565.jpg; mrousavy5244091639475766162.jpg
200E2,mrousavy3831286771998956301.jpg; mrousavy7468890517371908427.jpg; mrousavy627360966408273257.jpg; mrousavy2274964063366434285.jpg; mrousavy7387637907516283257.jpg; mrousavy1384413405119490028.jpg
201E1,mrousavy5687622270115384869.jpg; mrousavy695089039581222846.jpg; mrousavy7931514400738716746.jpg; mrousavy6801071807578493221.jpg; mrousavy16724772138632846.jpg; mrousavy2852957214696482148.jpg
201E2,mrousavy2468435886427454690.jpg; mrousavy4653978426381059421.jpg; mrousavy6800882948794426252.jpg; mrousavy5132915224705746015.jpg; mrousavy7918045426956935468.jpg; mrousavy8360939709927183151.jpg
202E1,mrousavy4822031940582833432.jpg; mrousavy2432569198122025279.jpg; mrousavy8153613679820944553.jpg; mrousavy7601799836110744775.jpg; mrousavy2660820050289320631.jpg; mrousavy1714132941739181464.jpg
202E2,mrousavy2466258597902433383.jpg; mrousavy473893272527180304.jpg; mrousavy510097077197032964.jpg; mrousavy4998782400390334178.jpg; mrousavy7070642108421524668.jpg; mrousavy2611217945555459374.jpg
203E1,mrousavy2457744616117250713.jpg; mrousavy8787086364664221285.jpg; mrousavy1488729729820833549.jpg; mrousavy7241573413680991328.jpg; mrousavy3746648258383749787.jpg; mrousavy269853173042194817.jpg
203E2,mrousavy7617152076995259622.jpg; mrousavy7472100872736615067.jpg; mrousavy6474487539215595496.jpg; mrousavy2328896151558041098.jpg; mrousavy3573784189327802689.jpg; mrousavy6151575198688456937.jpg
204E1,mrousavy3434549043634592845.jpg; mrousavy7897768752340576866.jpg; mrousavy3216836740448973293.jpg; mrousavy3769736512720094462.jpg; mrousavy6332005487165620258.jpg; mrousavy6010278870222986737.jpg
204E2,mrousavy6353500535925585365.jpg; mrousavy9126353934256719320.jpg; mrousavy3936766671634055489.jpg; mrousavy5423224438981749737.jpg; mrousavy1732201654209908092.jpg; mrousavy7648223577032787135.jpg
205E1,mrousavy635832009293973988.jpg; mrousavy9217967289657662664.jpg; mrousavy840170337988577874.jpg; mrousavy742832619962820530.jpg; mrousavy7926129314095856191.jpg; mrousavy7579524930861504839.jpg
205E2,mrousavy6303041958816522392.jpg; mrousavy1891956735820627915.jpg; mrousavy7869358501113007533.jpg; mrousavy6591335604879161356.jpg; mrousavy2153749510117883877.jpg; mrousavy7114793757467667047.jpg
206E1,mrousavy7716870788662937918.jpg; mrousavy7549171785594413176.jpg; mrousavy8788326888252145573.jpg; mrousavy1486345388299220518.jpg; mrousavy7079968208776122257.jpg; mrousavy6174950139110081699.jpg
206E2,mrousavy8745989030372552606.jpg; mrousavy3034863523744261114.jpg; mrousavy7535073968678072600.jpg; mrousavy7567585755167043856.jpg; mrousavy1907757102872566424.jpg; mrousavy915548964110807147.jpg
207E1,mrousavy5339419045437953296.jpg; mrousavy566956130110542066.jpg; mrousavy8534683016012676699.jpg; mrousavy730745386309598399.jpg; mrousavy1228042730839904166.jpg; mrousavy6051654571446496056.jpg
207E2,mrousavy3869185390407332727.jpg; mrousavy2136069639813992284.jpg; mrousavy3956426391169086053.jpg; mrousavy388077941129699837.jpg; mrousavy4792166570847759490.jpg; mrousavy1903541498244484125.jpg
208E1,mrousavy5984098882748149890.jpg; mrousavy4108863597760856377.jpg; mrousavy7151637218917863948.jpg; mrousavy4674056666981595530.jpg; mrousavy4311479664624257518.jpg
208E2,mrousavy7896494926239384657.jpg; mrousavy5355068926083123056.jpg; mrousavy8279649370677682158.jpg; mrousavy7260872245542003159.jpg; mrousavy9156441083588642251.jpg
209E1,mrousavy7692052629621546550.jpg; mrousavy5699298203760135449.jpg; mrousavy1607870184120637005.jpg; mrousavy166848548595579899.jpg; mrousavy4857223735480375701.jpg; mrousavy8193305235884873255.jpg
209E2,mrousavy3860907401390280890.jpg; mrousavy2028795894521408885.jpg; mrousavy4828968730438929610.jpg; mrousavy3096846581039893688.jpg; mrousavy9046212583540762418.jpg; mrousavy797555229176193520.jpg
210E1,mrousavy7826463679086725518.jpg; mrousavy6176067488685676209.jpg; mrousavy6360211906268945269.jpg; mrousavy1615866451797489953.jpg; mrousavy1006336716844973847.jpg; mrousavy7724874896290039351.jpg
210E2,mrousavy1724483894316554507.jpg; mrousavy5061327442745970700.jpg; mrousavy7121665401426757998.jpg; mrousavy6603253255978372365.jpg
211E1,mrousavy1859357771169962188.jpg; mrousavy7006136002853423717.jpg; mrousavy8891230642290286068.jpg; mrousavy7899863382254336475.jpg; mrousavy3074677390903589655.jpg; mrousavy5382266860753209046.jpg
211E2,mrousavy1337396122116424985.jpg; mrousavy5319268589764218010.jpg; mrousavy8430927994702980823.jpg; mrousavy2338342158572795391.jpg; mrousavy4770156260118957714.jpg; mrousavy5189775520455189960.jpg
212E2,mrousavy3831180894335077024.jpg; mrousavy1694680143190984694.jpg; mrousavy8701879084018964689.jpg; mrousavy125933410636278951.jpg; mrousavy6289534544306642615.jpg; mrousavy8620263857867910798.jpg
213E1,mrousavy7213808147386892925.jpg; mrousavy3123047080477270851.jpg; mrousavy3802066885474733129.jpg; mrousavy7612743963560022705.jpg; mrousavy222848999055841930.jpg; mrousavy116595831306501449.jpg
213E2,mrousavy8728418651348099393.jpg; mrousavy2777924693850738238.jpg; mrousavy1207903528065771106.jpg; mrousavy1747675686998907487.jpg; mrousavy705173660145546377.jpg; mrousavy7545871809382752879.jpg
214E1,mrousavy1554369448213102779.jpg; mrousavy3207400169939791321.jpg; mrousavy113604500371265071.jpg; mrousavy8195280295180837445.jpg; mrousavy5535106320109264353.jpg; mrousavy8962141184896770315.jpg
214E2,mrousavy2543859158176637302.jpg; mrousavy8026091531631481223.jpg; mrousavy6939471482579728560.jpg; mrousavy2125466370844865472.jpg; mrousavy1175806170324593628.jpg; mrousavy1311949393370888622.jpg
215E1,mrousavy6185705343303069424.jpg; mrousavy4670918121893524119.jpg; mrousavy8039610254073111686.jpg; mrousavy6125652294933071049.jpg; mrousavy8710363561024066115.jpg; mrousavy1045452219644611010.jpg
215E2,mrousavy9039514751894516232.jpg; mrousavy4746303037918203995.jpg; mrousavy4747368084354257314.jpg; mrousavy5905107473386918431.jpg; mrousavy7699548812334707479.jpg; mrousavy4974305338135255187.jpg
216E1,mrousavy3378756877922333515.jpg; mrousavy4912742068043982712.jpg; mrousavy3186672999732549692.jpg; mrousavy4590231630067572124.jpg; mrousavy3489893900704847858.jpg; mrousavy3738995523812011385.jpg
216E2,mrousavy8009709761634529791.jpg; mrousavy3181186553675730051.jpg; mrousavy5921933856409009120.jpg; mrousavy341688043455257707.jpg; mrousavy6365824380372959447.jpg; mrousavy6894692054486089656.jpg
217E1,mrousavy7332581073389785523.jpg; mrousavy8922672091025754767.jpg; mrousavy5924797332978407856.jpg; mrousavy5628830311118408669.jpg; mrousavy1777808796640565209.jpg; mrousavy7020057640049605698.jpg
217E2,mrousavy8859549919594326024.jpg; mrousavy7287373303421702.jpg; mrousavy2733440019778468561.jpg; mrousavy6850738039724956408.jpg; mrousavy564644728005974357.jpg; mrousavy4283271883316304407.jpg
218E1,mrousavy6845867702154078514.jpg; mrousavy3074856390234049644.jpg; mrousavy3905255482442405073.jpg; mrousavy7492363682027412161.jpg; mrousavy575536007531666750.jpg; mrousavy6200478148806917349.jpg
218E2,mrousavy2604225310641951176.jpg; mrousavy6965665426680247343.jpg; mrousavy2477279118140818790.jpg; mrousavy7097919554032918560.jpg; mrousavy3777612089239941479.jpg; mrousavy6943206644046478713.jpg
219E1,mrousavy727788732813166595.jpg; mrousavy7229470159743588242.jpg; mrousavy7375473383630455918.jpg; mrousavy2243138082718102995.jpg; mrousavy1286142290030589162.jpg; mrousavy7437216543728414332.jpg
219E2,mrousavy6305379354972340167.jpg; mrousavy1446236338869633926.jpg; mrousavy724850014007672868.jpg; mrousavy8204884156035432798.jpg; mrousavy7543592405413358742.jpg; mrousavy6408256333656660323.jpg
220E1,mrousavy3106424668946197638.jpg; mrousavy539230104650068661.jpg; mrousavy2177791608363095182.jpg; mrousavy8467466841421150240.jpg; mrousavy1278306604547466375.jpg; mrousavy1090519701621792498.jpg
220E2,mrousavy8439388935565772909.jpg; mrousavy7499503186967726123.jpg; mrousavy7722574349809952490.jpg; mrousavy9024569671270328233.jpg; mrousavy8563134606882295644.jpg; mrousavy714120872542081460.jpg
221E1,mrousavy3124646567012997586.jpg; mrousavy9121847610794134762.jpg; mrousavy2979640135412105406.jpg; mrousavy2701693919802976753.jpg; mrousavy7755002391108485057.jpg; mrousavy342923271329191750.jpg
221E2,mrousavy8902762849965300561.jpg; mrousavy5459409208344800476.jpg; mrousavy2274041064541506518.jpg; mrousavy7884413491613248811.jpg; mrousavy6046480671107920525.jpg; mrousavy37904512653065790.jpg
222E1,mrousavy7755660272332093108.jpg; mrousavy6692442600310534777.jpg; mrousavy6870670538589756808.jpg; mrousavy5339910439664276898.jpg; mrousavy5903806968393509427.jpg; mrousavy1431073730083691599.jpg
222E2,mrousavy4370721215391576199.jpg; mrousavy3368778074003910999.jpg; mrousavy1988758838609412565.jpg; mrousavy742263891145603772.jpg; mrousavy943228029612541835.jpg; mrousavy3376985127509800781.jpg
223E1,mrousavy4115158771200490095.jpg; mrousavy7334626650579836917.jpg; mrousavy5350608386282189869.jpg; mrousavy2613812089832212169.jpg; mrousavy464694631277413499.jpg; mrousavy6479084522842489729.jpg
223E2,mrousavy8064963017502031267.jpg; mrousavy7011878330957584573.jpg; mrousavy6352055797952613862.jpg; mrousavy2559292399221143770.jpg; mrousavy2844494273595233309.jpg; mrousavy7799378407962199736.jpg
224E1,mrousavy5100942749981529889.jpg; mrousavy1435694230949347630.jpg; mrousavy792247187105778384.jpg; mrousavy6761739221164386324.jpg; mrousavy8580254549164907273.jpg; mrousavy3137243600841144558.jpg
224E2,mrousavy5742189047702446546.jpg; mrousavy6344414498241420750.jpg; mrousavy4657518361422800809.jpg; mrousavy8366995765980179412.jpg; mrousavy7648605398613278158.jpg; mrousavy6289325243400030037.jpg
225E1,mrousavy2009782659477568351.jpg; mrousavy7050441309824320922.jpg; mrousavy7774858059791930761.jpg; mrousavy6401298751565235088.jpg; mrousavy1168913429955303857.jpg; mrousavy1970025945129381429.jpg
225E2,mrousavy7685466481187667837.jpg; mrousavy8351635706533701025.jpg; mrousavy6438727368524107429.jpg; mrousavy8580918258573291305.jpg; mrousavy7697091723172275406.jpg; mrousavy2513404190014529459.jpg
226E1,mrousavy7823680775514345859.jpg; mrousavy5806062071255405036.jpg; mrousavy1544180627234694825.jpg; mrousavy5952364245335556547.jpg; mrousavy2606118975338553363.jpg; mrousavy2289966513793573299.jpg
226E2,mrousavy7828461113331554872.jpg; mrousavy1272944387787905549.jpg; mrousavy4581597406594192161.jpg; mrousavy5494762301592891538.jpg; mrousavy2796898855182405955.jpg; mrousavy2094481230457486328.jpg
227E1,mrousavy7536045817116579846.jpg; mrousavy986563039631751861.jpg; mrousavy8891050212757195474.jpg; mrousavy6907434579069443458.jpg; mrousavy3063545200303635573.jpg; mrousavy1524771845634009067.jpg
227E2,mrousavy5298259512075614249.jpg; mrousavy2586410671576950359.jpg; mrousavy2442284206036924893.jpg; mrousavy7612489880811115900.jpg; mrousavy6343651521836421299.jpg; mrousavy7496605850166247472.jpg
228E1,mrousavy3588159165334471519.jpg; mrousavy6630686993677993080.jpg; mrousavy1352919700073657812.jpg; mrousavy5398411773485906330.jpg; mrousavy229089182289608001.jpg; mrousavy4549919759232371066.jpg
228E2,mrousavy7476581164989697645.jpg; mrousavy4375020337402963916.jpg; mrousavy8204318713712416396.jpg; mrousavy4883511852687725623.jpg; mrousavy360164078274447606.jpg; mrousavy6172816848665408082.jpg
229E1,mrousavy5627508300599815245.jpg; mrousavy7323709362917143634.jpg; mrousavy5918159246388350325.jpg; mrousavy6490906311125979333.jpg; mrousavy7084424883189923724.jpg; mrousavy1491484439861120425.jpg
229E2,mrousavy3343879882063366237.jpg; mrousavy3598789408845325170.jpg; mrousavy4006280905532170138.jpg; mrousavy8101198104336454049.jpg; mrousavy316214442784904539.jpg; mrousavy6183894154000965461.jpg
230E1,mrousavy8845854090613859140.jpg; mrousavy1311766735591893387.jpg; mrousavy1217417447477459983.jpg; mrousavy2079091126232111690.jpg; mrousavy3885163207112277966.jpg; mrousavy3425292608794103725.jpg
230E2,mrousavy6908902861011933331.jpg; mrousavy8266798987623044292.jpg; mrousavy4878680925187922907.jpg; mrousavy7188215354341352315.jpg; mrousavy7000353153221391998.jpg; mrousavy6152538887591511920.jpg
231E1,mrousavy3504701363564346621.jpg; mrousavy3112969663204369417.jpg; mrousavy5675180260378981179.jpg; mrousavy3254261803605232879.jpg; mrousavy4830374219252246976.jpg; mrousavy5541726149929639374.jpg
231E2,mrousavy4906505884295153896.jpg; mrousavy8352616799130280455.jpg; mrousavy792460976605556161.jpg; mrousavy7912589454914705209.jpg; mrousavy1152835991042143091.jpg; mrousavy8430386877926608891.jpg
232E1,mrousavy6639255110473317326.jpg; mrousavy4410231419296883235.jpg; mrousavy6630237708960627665.jpg; mrousavy529468686361713515.jpg; mrousavy7060253732383664219.jpg; mrousavy1341344244164347498.jpg
232E2,mrousavy2756274903484216716.jpg; mrousavy3847527669993506131.jpg; mrousavy8624145059722241934.jpg; mrousavy2770158708497676053.jpg; mrousavy2257007665864277792.jpg; mrousavy1661587384303734004.jpg
233E1,mrousavy9176651966960614691.jpg; mrousavy7705321722203965055.jpg; mrousavy4974606935446291946.jpg; mrousavy6233184694522488349.jpg; mrousavy4743643199093951016.jpg; mrousavy4096278531086133197.jpg
233E2,mrousavy6615331642063422865.jpg; mrousavy8526873942717016526.jpg; mrousavy4805827227297701555.jpg; mrousavy5882879436739721732.jpg; mrousavy5164612165520030703.jpg; mrousavy6178593421244002169.jpg
234E1,mrousavy3795986023835610571.jpg; mrousavy1360872443833141798.jpg; mrousavy3608094412081661727.jpg; mrousavy4277459409499238204.jpg; mrousavy475303861112384432.jpg; mrousavy5090751560231272324.jpg
234E2,mrousavy6337986385220621865.jpg; mrousavy8891152762638205121.jpg; mrousavy659388078324689468.jpg; mrousavy7776968243148141502.jpg; mrousavy4031961110659490311.jpg; mrousavy4349650937541294299.jpg
235E1,mrousavy7852669050960898741.jpg; mrousavy6715319310139556296.jpg; mrousavy8410983336747613364.jpg; mrousavy4065854853392586657.jpg; mrousavy4902377707457195363.jpg; mrousavy1592167877939659027.jpg
235E2,mrousavy6037641381769641504.jpg; mrousavy3164149857306197913.jpg; mrousavy4622257071472532474.jpg; mrousavy6780679604097547079.jpg; mrousavy2490178049976434096.jpg; mrousavy7422976825567320183.jpg
236E1,mrousavy7363626338121124843.jpg; mrousavy6506357147524750563.jpg; mrousavy1940868732523599097.jpg; mrousavy5869424356369003747.jpg; mrousavy680882690935485078.jpg; mrousavy3018022386452491864.jpg
236E2,mrousavy8920042730446483589.jpg; mrousavy2111392814313722929.jpg; mrousavy3482864770595816522.jpg; mrousavy5341739075882661330.jpg; mrousavy6775869873408330128.jpg; mrousavy7533764247264712552.jpg
237E1,mrousavy4523701760417489415.jpg; mrousavy9082179295653369165.jpg; mrousavy8844254012393992348.jpg; mrousavy1206406118520085801.jpg; mrousavy4618790270984306345.jpg; mrousavy5170376868978551414.jpg
237E2,mrousavy7190467032433220002.jpg; mrousavy1177606760261502176.jpg; mrousavy4780962219903017601.jpg; mrousavy1629046566279187985.jpg; mrousavy5833442325451264207.jpg; mrousavy18548291162467809.jpg
238E1,mrousavy5426786338937420743.jpg; mrousavy2411994643010993000.jpg; mrousavy888998682130000251.jpg; mrousavy5720902748185984523.jpg; mrousavy4255449077559997419.jpg; mrousavy803654122471417388.jpg
238E2,mrousavy4552013888550162017.jpg; mrousavy159560684295582651.jpg; mrousavy5152335998622496572.jpg; mrousavy3864332640103479964.jpg; mrousavy3041452408264865564.jpg; mrousavy3002164217519076205.jpg
239E1,mrousavy8473927615053463369.jpg; mrousavy7351051383440648338.jpg; mrousavy3123536210083219022.jpg; mrousavy210023396770531000.jpg; mrousavy4333155372007352565.jpg; mrousavy5383962708510818997.jpg
239E2,mrousavy5501557197268654672.jpg; mrousavy8856294115535002094.jpg; mrousavy2194374913160871965.jpg; mrousavy6538012444731912940.jpg; mrousavy8066766667164583740.jpg; mrousavy3869822009641239132.jpg
240E1,mrousavy8427279991293409354.jpg; mrousavy4025109891429831304.jpg; mrousavy8965459267455871480.jpg; mrousavy4491875384159228342.jpg; mrousavy5884069486323048589.jpg; mrousavy2225391908875579954.jpg
240E2,mrousavy2838387618939253777.jpg; mrousavy1080814130822586657.jpg; mrousavy5567665642626953752.jpg; mrousavy4294561000561721261.jpg; mrousavy2530762697434250431.jpg; mrousavy8999706380853936296.jpg
241E1,mrousavy82348504653740918.jpg; mrousavy1019670474621240865.jpg; mrousavy4715444138737791037.jpg; mrousavy6394110578694402417.jpg; mrousavy9165335902776959028.jpg; mrousavy6410942848762499900.jpg
241E2,mrousavy7257692292933984228.jpg; mrousavy3083010761209636604.jpg; mrousavy4288231145303916102.jpg; mrousavy3775626401620238864.jpg; mrousavy1440076702224888714.jpg; mrousavy824297437830960378.jpg
242E1,mrousavy3043038015005516748.jpg; mrousavy1942204649680985939.jpg; mrousavy3612311775750636213.jpg; mrousavy265965749966174671.jpg; mrousavy5591798169789257215.jpg; mrousavy4150689448834383993.jpg
242E2,mrousavy7500493403376544870.jpg; mrousavy2449903092556317157.jpg; mrousavy6328976398193334909.jpg; mrousavy1935409534524242909.jpg; mrousavy2269052422679690411.jpg; mrousavy1326430485437659878.jpg
243E1,mrousavy4750449850374018775.jpg; mrousavy6322267757545437545.jpg; mrousavy9211824162417701255.jpg; mrousavy4491309800825852780.jpg; mrousavy4610195180247647436.jpg; mrousavy4018941505882853366.jpg
243E2,mrousavy198365968206758823.jpg; mrousavy3028422363115818749.jpg; mrousavy4911630647370092204.jpg; mrousavy5241385448881598644.jpg; mrousavy5897642743975082266.jpg; mrousavy3498291555526211794.jpg
244E1,mrousavy7218343887300930679.jpg; mrousavy4672442487127254477.jpg; mrousavy4581242536049854509.jpg; mrousavy8613289746360942111.jpg; mrousavy461144754088438826.jpg; mrousavy3735331851041292944.jpg
244E2,mrousavy2718806804499817131.jpg; mrousavy4081489591491955774.jpg; mrousavy2203988852069503522.jpg; mrousavy1070429076468370739.jpg; mrousavy7050928615798712305.jpg; mrousavy5019281942794661766.jpg
245E1,mrousavy1282027607369615034.jpg; mrousavy3174852244987979647.jpg; mrousavy2802426264943897109.jpg; mrousavy2974991511825518819.jpg; mrousavy5697642824869225508.jpg; mrousavy5028824934545811067.jpg
245E2,mrousavy5154205104757114718.jpg; mrousavy3565956484227055924.jpg; mrousavy6142318327553824606.jpg; mrousavy733519998789601995.jpg; mrousavy1627137397077058761.jpg; mrousavy7465855852883839681.jpg
246E1,mrousavy3808116456560957755.jpg; mrousavy8752363465052178820.jpg; mrousavy8779521499442763726.jpg; mrousavy7834580815644178912.jpg; mrousavy5762285949143194253.jpg; mrousavy2608716097471918936.jpg
246E2,mrousavy6549822011231136202.jpg; mrousavy3390750598284141787.jpg; mrousavy4886027382373981373.jpg; mrousavy3113786803988474900.jpg; mrousavy722241094820663239.jpg; mrousavy7275458271731372262.jpg
247E1,mrousavy771051251286846390.jpg; mrousavy6535359998147557168.jpg; mrousavy7547225685439788366.jpg; mrousavy2672620963987113828.jpg; mrousavy2553191964195039778.jpg; mrousavy6561205017288401442.jpg
247E2,mrousavy1221264935356259536.jpg; mrousavy2125104384574022529.jpg; mrousavy8278360326909292421.jpg; mrousavy6620381442098127432.jpg; mrousavy9135590732075215733.jpg; mrousavy6948269330627139106.jpg
248E1,mrousavy868995297381293364.jpg; mrousavy8088493783431782280.jpg; mrousavy2543615483340319427.jpg; mrousavy2072129896806040228.jpg; mrousavy5545260401829317949.jpg; mrousavy1477963350318128131.jpg
248E2,mrousavy167136884668146281.jpg; mrousavy7698621300166054901.jpg; mrousavy1884290203269227094.jpg; mrousavy521115782720740794.jpg; mrousavy9164668487885930474.jpg; mrousavy5580261600321457940.jpg
249E1,mrousavy6440091296880700714.jpg; mrousavy5661673454977627054.jpg; mrousavy7119525689614247926.jpg; mrousavy1135373000777076975.jpg; mrousavy627294643708406092.jpg; mrousavy5632210625632394503.jpg
249E2,mrousavy1032386457459057929.jpg; mrousavy4492123168897762060.jpg; mrousavy2294034639892749746.jpg; mrousavy2509312013725020955.jpg; mrousavy834944506974695605.jpg; mrousavy1838478506380777186.jpg
250E1,mrousavy605123341443364036.jpg; mrousavy7288945281260151985.jpg; mrousavy4158917353255846777.jpg; mrousavy8268842829614202392.jpg; mrousavy2631144013536874817.jpg; mrousavy6263093603895279294.jpg
250E2,mrousavy3296557721036393000.jpg; mrousavy5717380187613037990.jpg; mrousavy1176030106844560941.jpg; mrousavy340756735136059245.jpg; mrousavy1755944168222565220.jpg; mrousavy5524348512081177962.jpg
251E1,mrousavy6595507684704029482.jpg; mrousavy1840280938817022099.jpg; mrousavy6843484965733033382.jpg; mrousavy5749514625988079555.jpg; mrousavy8037318499275891114.jpg; mrousavy5846896058638936834.jpg
251E2,mrousavy528195451199910085.jpg; mrousavy2113119819904873317.jpg; mrousavy8166956039860608801.jpg; mrousavy6507180738302504332.jpg; mrousavy3289446496174704258.jpg; mrousavy1487425741673764866.jpg
252E1,mrousavy4899885236407508842.jpg; mrousavy6354827448931281996.jpg; mrousavy7343933284588236610.jpg; mrousavy4767517631238588578.jpg; mrousavy7327345613515134177.jpg; mrousavy3130832405067796437.jpg
252E2,mrousavy8900273702209972352.jpg; mrousavy7019954477553991591.jpg; mrousavy6391676742123120541.jpg; mrousavy7919259212128043748.jpg; mrousavy1233858243518079872.jpg; mrousavy6308024729287243426.jpg
253E1,mrousavy686328391793936869.jpg; mrousavy8852907321409149171.jpg; mrousavy5459339915627288213.jpg; mrousavy8917718535797019402.jpg; mrousavy6797876287908034689.jpg; mrousavy8369376369396809703.jpg
253E2,mrousavy314952622332528382.jpg; mrousavy3792184420388392170.jpg; mrousavy2480831333583048903.jpg; mrousavy3423507492658895256.jpg; mrousavy481307062084171805.jpg; mrousavy3212552936142642997.jpg
254E1,mrousavy8979684904613651775.jpg; mrousavy4117850390270564686.jpg; mrousavy4051812834881466563.jpg; mrousavy5571358652955096971.jpg; mrousavy792648005140138428.jpg; mrousavy7364140112532654194.jpg
254E2,mrousavy7898633270352989396.jpg; mrousavy5151369360018201651.jpg; mrousavy5196059018741212513.jpg; mrousavy7092488045852726744.jpg; mrousavy1241814339290075380.jpg; mrousavy6993218087054735811.jpg
255E1,mrousavy448229917046924213.jpg; mrousavy7346535175688821708.jpg; mrousavy4441814055942557975.jpg; mrousavy1249731820040921662.jpg; mrousavy4003303791278540330.jpg; mrousavy108110264059784571.jpg
255E2,mrousavy7078980187607535792.jpg; mrousavy6116517044113765215.jpg; mrousavy1939755394788922907.jpg; mrousavy6085129665986145566.jpg; mrousavy4951847291887236071.jpg; mrousavy2455949180197334382.jpg
256E1,mrousavy2755184341804705016.jpg; mrousavy8131902404173166983.jpg; mrousavy2105369775223620507.jpg; mrousavy7181867395345749163.jpg; mrousavy3351088738708682213.jpg; mrousavy399594766880319326.jpg
256E2,mrousavy600241889856535050.jpg; mrousavy5430925130745867487.jpg; mrousavy103908158541782189.jpg; mrousavy5269097665073259003.jpg; mrousavy8739627986237016835.jpg; mrousavy6079151861362025691.jpg
257E1,mrousavy884418829160015142.jpg; mrousavy6021576367361079205.jpg; mrousavy4170049029089067198.jpg; mrousavy4216174153205174410.jpg; mrousavy8652832226527557788.jpg; mrousavy5739030545487799927.jpg
257E2,mrousavy5256183287045465038.jpg; mrousavy562796374729634066.jpg; mrousavy7494615708504510086.jpg; mrousavy6257281395192817910.jpg; mrousavy2784419151107863535.jpg; mrousavy2996781245079643978.jpg
258E1,mrousavy8311945323798259748.jpg; mrousavy4900658603966604703.jpg; mrousavy2101298187154136082.jpg; mrousavy8682482658951900906.jpg; mrousavy1524303421800456936.jpg; mrousavy7169474688290705450.jpg
258E2,mrousavy3549290202018870993.jpg; mrousavy1267896053521406945.jpg; mrousavy4085694314310900546.jpg; mrousavy428008945973874888.jpg; mrousavy913188878816085691.jpg; mrousavy6630534900490134532.jpg
259E1,mrousavy4484764543675877847.jpg; mrousavy1893831511004048606.jpg; mrousavy2131611046891763588.jpg; mrousavy461474450123646245.jpg; mrousavy1493382717202438194.jpg; mrousavy854282878278948916.jpg
259E2,mrousavy8493429192034165133.jpg; mrousavy6018330631840242978.jpg; mrousavy1764864152259736844.jpg; mrousavy6487648310162215561.jpg; mrousavy3741528020598713800.jpg; mrousavy6286336013831950059.jpg
260E1,mrousavy2074743015910571631.jpg; mrousavy4505751153931208255.jpg; mrousavy1519552796342086513.jpg; mrousavy2858304800602124081.jpg; mrousavy7202656097304715944.jpg; mrousavy8259040024338872543.jpg
260E2,mrousavy7606782544794357530.jpg; mrousavy7323401015163189050.jpg; mrousavy5453683830731260085.jpg; mrousavy7617668788523968371.jpg; mrousavy1745206830567137452.jpg; mrousavy966573915076185427.jpg
261E1,mrousavy344018848363351773.jpg; mrousavy2410827852652627870.jpg; mrousavy1987838914147764353.jpg; mrousavy7433665442839931071.jpg; mrousavy903927627934560369.jpg; mrousavy7793383541308683738.jpg
261E2,mrousavy3626643021429031207.jpg; mrousavy7531838661444589700.jpg; mrousavy8300507801434814745.jpg; mrousavy5438137157229878508.jpg; mrousavy1942354991059694270.jpg; mrousavy140593870628462878.jpg
262E1,mrousavy7027939283165102952.jpg; mrousavy542008859444893837.jpg; mrousavy4365706766805067664.jpg; mrousavy4112222281575379467.jpg; mrousavy1984439250841614176.jpg; mrousavy6883498362704528654.jpg
262E2,mrousavy7433068705528631414.jpg; mrousavy8740915080054744266.jpg; mrousavy6939703745974214950.jpg; mrousavy6918149876744703377.jpg; mrousavy7452990479661275499.jpg; mrousavy4004733201078082101.jpg
263E1,mrousavy7077534574435033057.jpg; mrousavy2971097632562683619.jpg; mrousavy6550644993290838481.jpg; mrousavy9083393151613232289.jpg; mrousavy6293212179721254639.jpg; mrousavy5459869884518784397.jpg
263E2,mrousavy5827203119823219600.jpg; mrousavy6923943226349524386.jpg; mrousavy6978793684555670659.jpg; mrousavy2801261427659493909.jpg; mrousavy5189170731112459254.jpg; mrousavy5297629400897048079.jpg
264E1,mrousavy2342772866689472500.jpg; mrousavy1937870537097182021.jpg; mrousavy2710098516530513733.jpg; mrousavy3759759337290418927.jpg; mrousavy1481074874865860634.jpg; mrousavy5713410644204527387.jpg
264E2,mrousavy2644126062579235092.jpg; mrousavy2251151853648020779.jpg; mrousavy4717654116571856600.jpg; mrousavy1048509468636433914.jpg; mrousavy5741770333701359011.jpg; mrousavy3949741453374407810.jpg
265E1,mrousavy3504736673006393298.jpg; mrousavy6192456726399737845.jpg; mrousavy6502080983056934169.jpg; mrousavy1302456595752301478.jpg; mrousavy6961872941263445678.jpg; mrousavy2667166817257270384.jpg
265E2,mrousavy1565295176604848455.jpg; mrousavy5281526351337530124.jpg; mrousavy2170148629619211460.jpg; mrousavy5323963569657618510.jpg; mrousavy4833653703511449054.jpg; mrousavy4581961128239682024.jpg
266E1,mrousavy1172973261936316298.jpg; mrousavy4813751430478911287.jpg; mrousavy5041961569199844345.jpg; mrousavy2987240006805301513.jpg; mrousavy3950935097749343276.jpg; mrousavy307660161655984730.jpg
266E2,mrousavy3548929836780833365.jpg; mrousavy8793312731416087464.jpg; mrousavy7439435408353065964.jpg; mrousavy1786595856136622355.jpg; mrousavy7566953506959834540.jpg; mrousavy5592524730347875562.jpg
267E1,mrousavy278036085949141289.jpg; mrousavy6099969341052042726.jpg; mrousavy3168072717581410039.jpg; mrousavy8727254152750729472.jpg; mrousavy5381060494089945952.jpg; mrousavy6218251231950368930.jpg
267E2,mrousavy6757396007028623929.jpg; mrousavy4127430808838628204.jpg; mrousavy6381353287028676721.jpg; mrousavy708583421069260941.jpg; mrousavy7608744134548965919.jpg; mrousavy8726993257538669377.jpg
268E1,mrousavy2750325982464818652.jpg; mrousavy4480432598506094541.jpg; mrousavy7649765385766658452.jpg; mrousavy531660005315941389.jpg; mrousavy7422914710817855916.jpg; mrousavy3455887437968073115.jpg
268E2,mrousavy9166697854028972584.jpg; mrousavy2630783041177585580.jpg; mrousavy1649853299649433181.jpg; mrousavy4391263316840955696.jpg; mrousavy3330194913870955627.jpg; mrousavy3778450274313262385.jpg
269E1,mrousavy566171581813936216.jpg; mrousavy1710964636950485661.jpg; mrousavy5091242306452739013.jpg; mrousavy669519890844766576.jpg; mrousavy8487056091034190047.jpg; mrousavy4486165619838389108.jpg
269E2,mrousavy7064901003741700316.jpg; mrousavy3366269874908647297.jpg; mrousavy594328022133414483.jpg; mrousavy5177773474978673430.jpg; mrousavy2470420276850631039.jpg; mrousavy8093175031967536563.jpg
270E1,mrousavy881385189000838729.jpg; mrousavy1993204111804746432.jpg; mrousavy2800640475857142121.jpg; mrousavy4891769155203193952.jpg; mrousavy994911813903012895.jpg; mrousavy3613023151554712103.jpg
270E2,mrousavy5013047260750450914.jpg; mrousavy4890827377755081756.jpg; mrousavy33735023378316882.jpg; mrousavy1180176552382250690.jpg; mrousavy9141857459276397468.jpg; mrousavy8327838232126939076.jpg
271E1,mrousavy2571397911571044755.jpg; mrousavy2531996474315013828.jpg; mrousavy4727258607859979838.jpg; mrousavy1591253478890250155.jpg; mrousavy8020474120543898407.jpg; mrousavy7455848721254197268.jpg
271E2,mrousavy1454008500502201588.jpg; mrousavy6916564537337580539.jpg; mrousavy9045792481586785658.jpg; mrousavy2984441189213254397.jpg; mrousavy1251561624330521609.jpg; mrousavy3566642558142034436.jpg
272E1,mrousavy233145935427016564.jpg; mrousavy278809096974947948.jpg; mrousavy2837252045200616894.jpg; mrousavy630301420828311685.jpg; mrousavy5397995260144962861.jpg; mrousavy2374247835050553836.jpg
272E2,mrousavy8621630327641015899.jpg; mrousavy2218299653391100718.jpg; mrousavy1986335112557343669.jpg; mrousavy6349476709500792044.jpg; mrousavy13426880485404534.jpg; mrousavy2004187095133358977.jpg
273E1,mrousavy3062051851678241720.jpg; mrousavy7017034056812637849.jpg; mrousavy2595869256368272596.jpg; mrousavy281270954862485216.jpg; mrousavy8841710790118810866.jpg; mrousavy2801362713591455851.jpg
273E2,mrousavy3690095462127125937.jpg; mrousavy1870509992287195864.jpg; mrousavy8750790814168925125.jpg; mrousavy7397722922443395175.jpg; mrousavy2107811840384537211.jpg; mrousavy4505259096508661821.jpg
274E1,mrousavy9185814177386432268.jpg; mrousavy1169561814696643451.jpg; mrousavy5939133002962116154.jpg; mrousavy2646067577015782415.jpg; mrousavy6961126584630767099.jpg; mrousavy1518751038401525832.jpg
274E2,mrousavy8382223057209526604.jpg; mrousavy367812176788297990.jpg; mrousavy7704455954645658159.jpg; mrousavy2715121201474461555.jpg; mrousavy3487504599334992440.jpg; mrousavy7452267109776398875.jpg
275E1,mrousavy7477728147388031392.jpg; mrousavy270223162736704241.jpg; mrousavy1968131435201249538.jpg; mrousavy2338749317501829749.jpg; mrousavy4744545950113563788.jpg; mrousavy8023488771624872863.jpg
275E2,mrousavy2046676231498092971.jpg; mrousavy2548331858854233889.jpg; mrousavy1159482923688833383.jpg; mrousavy762826464511193183.jpg; mrousavy3981857496125477604.jpg; mrousavy40308710877659556.jpg
276E2,mrousavy7037991627849541922.jpg; mrousavy6904332597009486312.jpg; mrousavy8326594811536989871.jpg; mrousavy8254602766196656061.jpg; mrousavy7400719631144177170.jpg; mrousavy5716123137675065595.jpg
277E1,mrousavy4700264807197074058.jpg; mrousavy6957533438468975930.jpg; mrousavy1979280401594880600.jpg; mrousavy9026642726281899562.jpg; mrousavy7015703124869406057.jpg; mrousavy2702924763673339865.jpg
277E2,mrousavy8958869619387351796.jpg; mrousavy6810288794802383317.jpg; mrousavy6323790163100512765.jpg; mrousavy7792654630784374236.jpg; mrousavy6332349044560211991.jpg; mrousavy3256626887613809371.jpg
278E1,mrousavy4543182751401091359.jpg; mrousavy4437374134623414665.jpg; mrousavy2017538248318551592.jpg; mrousavy3662131296217381727.jpg; mrousavy2483660743861521777.jpg; mrousavy5420540792416118223.jpg
278E2,mrousavy8462747876582032822.jpg; mrousavy2714367856279969337.jpg; mrousavy2468680099153855472.jpg; mrousavy2924272650013346101.jpg; mrousavy4631960743355959235.jpg; mrousavy4067981969731616733.jpg
279E1,mrousavy327927014681109403.jpg; mrousavy650579909052685791.jpg; mrousavy6172839345969973071.jpg; mrousavy1855094122636756575.jpg; mrousavy7402253381200064862.jpg; mrousavy5081667027710403745.jpg
279E2,mrousavy3218013387548557602.jpg; mrousavy3569335827463917032.jpg; mrousavy8337121953860401937.jpg; mrousavy4146677109971996611.jpg; mrousavy6141716698270825367.jpg; mrousavy3525776004750840357.jpg
280E1,mrousavy361222327632565701.jpg; mrousavy3999034649121236683.jpg; mrousavy4981414480832451891.jpg; mrousavy8548449947439171570.jpg; mrousavy3457941717347220488.jpg; mrousavy1625059364875040830.jpg
280E2,mrousavy8146242523714460764.jpg; mrousavy7221134787805370781.jpg; mrousavy8691118988478372389.jpg; mrousavy7467473117158611005.jpg; mrousavy348473213869775681.jpg; mrousavy6277594384896153973.jpg
281E1,mrousavy5042247253578546330.jpg; mrousavy5451774643320902844.jpg; mrousavy248861311241744699.jpg; mrousavy4085377946379218415.jpg; mrousavy8617071584918093866.jpg; mrousavy123651561359301360.jpg
281E2,mrousavy1867466091617546539.jpg; mrousavy8971140913167300493.jpg; mrousavy8969969963430653306.jpg; mrousavy2595019701604965858.jpg; mrousavy9055129207473075524.jpg; mrousavy4389096352956050775.jpg
282E1,mrousavy1177146141282508850.jpg; mrousavy4822691390843538299.jpg; mrousavy668007163841000354.jpg; mrousavy7044428744065945327.jpg; mrousavy8922478069889926131.jpg; mrousavy2365796381612178012.jpg
282E2,mrousavy2813174697582515737.jpg; mrousavy510013904547966560.jpg; mrousavy1700561987479011945.jpg; mrousavy6390697320808788579.jpg; mrousavy614684630894095255.jpg; mrousavy4866993091111738153.jpg
283E1,mrousavy1242542563219640722.jpg; mrousavy7775127199110150397.jpg; mrousavy1344595769480204827.jpg; mrousavy1384463709506382772.jpg; mrousavy4349330705075208248.jpg; mrousavy5803104309370997714.jpg
283E2,mrousavy2821445245579723821.jpg; mrousavy3041870731812582961.jpg; mrousavy6891681398396185300.jpg; mrousavy3336861522916197813.jpg; mrousavy7953726423638955079.jpg; mrousavy5062553627886946646.jpg
284E1,mrousavy1987356510235527857.jpg; mrousavy4650891487741418943.jpg; mrousavy1073232285273691155.jpg; mrousavy8671741586654230499.jpg; mrousavy1522329628342873732.jpg; mrousavy1612166767189850050.jpg
284E2,mrousavy2168581053032479284.jpg; mrousavy4367736731627907574.jpg; mrousavy4298192719688586894.jpg; mrousavy1518593099983221219.jpg; mrousavy4875815962329287931.jpg; mrousavy6808971111112683656.jpg
285E1,mrousavy1628337678605928971.jpg; mrousavy7697480488061703314.jpg; mrousavy975847685700043474.jpg; mrousavy2756501796045285694.jpg; mrousavy8817964919997513479.jpg; mrousavy5541789892981140138.jpg
285E2,mrousavy580535926962202164.jpg; mrousavy1468200188694701969.jpg; mrousavy4073920934065198201.jpg; mrousavy6313744302725818545.jpg; mrousavy1939241413111360443.jpg; mrousavy7926952987063799171.jpg
286E1,mrousavy4589649273628038264.jpg; mrousavy7974180165886307024.jpg; mrousavy8878110917670245641.jpg; mrousavy5153137110363256646.jpg; mrousavy3530791643275107561.jpg; mrousavy8933829336858362968.jpg
286E2,mrousavy9152497194344178698.jpg; mrousavy4605222533472835821.jpg; mrousavy6400360598942787247.jpg; mrousavy3649099946284436100.jpg; mrousavy7357496910863549888.jpg; mrousavy6306552203456154471.jpg
287E1,mrousavy6869685178759491091.jpg; mrousavy3294912710318801858.jpg; mrousavy2679732368926260206.jpg; mrousavy1316161102039628658.jpg; mrousavy2342786815209448499.jpg; mrousavy2438205069699971515.jpg
287E2,mrousavy4831347121980445124.jpg; mrousavy9045292234362097692.jpg; mrousavy7092047092929002366.jpg; mrousavy7298925392107463755.jpg; mrousavy2224093334113866516.jpg; mrousavy3361425503181690206.jpg
288E1,mrousavy6404955566596840192.jpg; mrousavy535255118572254180.jpg; mrousavy7389211930102600711.jpg; mrousavy2175848077581085744.jpg; mrousavy1698398030207593090.jpg; mrousavy6595277148652602695.jpg
288E2,mrousavy7432926376559600985.jpg; mrousavy2894172899228514545.jpg; mrousavy8926302019344087511.jpg; mrousavy263251545452019611.jpg; mrousavy5752976086190415232.jpg; mrousavy1102214797011385540.jpg
289E1,mrousavy2019948872365265802.jpg; mrousavy252172619038964746.jpg; mrousavy5149328984760234785.jpg; mrousavy8266992693198266884.jpg; mrousavy4554137399197800386.jpg; mrousavy5015606970508591797.jpg
289E2,mrousavy3811445729820903832.jpg; mrousavy7419405444371902918.jpg; mrousavy1661714940956821819.jpg; mrousavy6690351916570346578.jpg; mrousavy7062274687284503156.jpg; mrousavy27939205698810009.jpg
290E1,mrousavy7012577121677941408.jpg; mrousavy225834753724018230.jpg; mrousavy671590335914011034.jpg; mrousavy3396410204860187299.jpg; mrousavy7709798436196715152.jpg; mrousavy618375844416976938.jpg
290E2,mrousavy8179255970881429105.jpg; mrousavy2699998047344669662.jpg; mrousavy3493976265025169758.jpg; mrousavy8694105632821627351.jpg; mrousavy589684982785885187.jpg; mrousavy1027075844389925326.jpg
291E1,mrousavy3398147667700005530.jpg; mrousavy3706232964571692242.jpg; mrousavy5886395416776908894.jpg; mrousavy2845173802454213479.jpg; mrousavy5237169521491886946.jpg; mrousavy1540560179622939953.jpg
291E2,mrousavy7964766393735538022.jpg; mrousavy1420461143414043907.jpg; mrousavy1028836061550161913.jpg; mrousavy8137508683623791100.jpg; mrousavy6455199397278842475.jpg; mrousavy9153895860318495733.jpg
292E1,mrousavy1859356560678299377.jpg; mrousavy257423326501044987.jpg; mrousavy3971491299108229796.jpg; mrousavy8916892889179233687.jpg; mrousavy1100073646217812315.jpg; mrousavy8661573151025370483.jpg
292E2,mrousavy960824434768058379.jpg; mrousavy5741585502171067409.jpg; mrousavy7589099476493444297.jpg; mrousavy4506843971955916041.jpg; mrousavy2204609602329409776.jpg; mrousavy4672527945918627046.jpg
293E1,mrousavy5855613185123670315.jpg; mrousavy7066900670318343395.jpg; mrousavy1578749606018607838.jpg; mrousavy3554522838062986880.jpg; mrousavy7866486824424163354.jpg; mrousavy3818073296962058511.jpg
293E2,mrousavy406571230716445690.jpg; mrousavy1359327252829919919.jpg; mrousavy6246947546873097728.jpg; mrousavy1018048045081881219.jpg; mrousavy6971437749834659065.jpg; mrousavy7190198815128380613.jpg
294E1,mrousavy7750999189391888389.jpg; mrousavy1703214193790431379.jpg; mrousavy2268291183339708367.jpg; mrousavy8871875278920614072.jpg; mrousavy4936077808337125589.jpg; mrousavy7508132473943984293.jpg
294E2,mrousavy8259984400562851550.jpg; mrousavy8241415839527717315.jpg; mrousavy2590955163121614851.jpg; mrousavy6718655606193751757.jpg; mrousavy6084646432895398929.jpg; mrousavy5622356548157757004.jpg
295E1,mrousavy6136463433008147444.jpg; mrousavy6340657769623480416.jpg; mrousavy2684319506527961629.jpg; mrousavy7715085650189145367.jpg; mrousavy1049320568248789997.jpg; mrousavy6214553197762656978.jpg
295E2,mrousavy2097905629064012690.jpg; mrousavy440393226008316276.jpg; mrousavy559534424644259224.jpg; mrousavy5930338591912161055.jpg; mrousavy4156877575267896445.jpg; mrousavy629886101786456526.jpg
296E1,mrousavy6897080030157279942.jpg; mrousavy8337704106815953725.jpg; mrousavy3740501163897979436.jpg; mrousavy2569031801494264072.jpg; mrousavy2560712073833533369.jpg; mrousavy2420121481229684396.jpg
296E2,mrousavy855658098881786786.jpg; mrousavy2025545998154643755.jpg; mrousavy5303082424800180232.jpg; mrousavy7952287043209433485.jpg; mrousavy6552233923214670870.jpg; mrousavy5790705320019280953.jpg
297E1,mrousavy3243832703242464850.jpg; mrousavy8970396796984022819.jpg; mrousavy5003756622087053657.jpg; mrousavy6802990613124973812.jpg; mrousavy1458799169691710001.jpg; mrousavy4762291516443930337.jpg
297E2,mrousavy5810549026978140496.jpg; mrousavy3097158322674614156.jpg; mrousavy2678855577723738872.jpg; mrousavy3236538695277974790.jpg; mrousavy3314853444136985536.jpg; mrousavy5196519164067496100.jpg
298E1,mrousavy6127315164918066585.jpg; mrousavy3144761553143023670.jpg; mrousavy675984660294159722.jpg; mrousavy4860404563209190259.jpg; mrousavy2171349884223122681.jpg; mrousavy4442700877315233835.jpg
298E2,mrousavy7441755602751542512.jpg; mrousavy8540986127002712705.jpg; mrousavy1685333060465709200.jpg; mrousavy7174024894406004048.jpg; mrousavy4505094540110523463.jpg; mrousavy8486658107695859936.jpg
299E1,mrousavy5160877222169848901.jpg; mrousavy5033024137718887827.jpg; mrousavy8570019912769272381.jpg; mrousavy5449264537458272290.jpg; mrousavy3056053909227718521.jpg; mrousavy8562483558836721668.jpg
299E2,mrousavy5393495427076572808.jpg; mrousavy1836961082410905391.jpg; mrousavy3106714582112933529.jpg; mrousavy6312760027394744974.jpg; mrousavy5336196250219690103.jpg; mrousavy9131329333374238121.jpg
300E1,mrousavy1150055615009150275.jpg; mrousavy897852558964133124.jpg; mrousavy3080687771214978231.jpg; mrousavy3221265048788763057.jpg; mrousavy2033502357824143750.jpg; mrousavy8155526280019369123.jpg
300E2,mrousavy8522143949757362721.jpg; mrousavy1770555722268755459.jpg; mrousavy7354708100908482220.jpg; mrousavy6084438389941229645.jpg; mrousavy7309712364860739151.jpg; mrousavy7317725892262191585.jpg
301E1,mrousavy5216660316410928684.jpg; mrousavy4603849595890236999.jpg; mrousavy4454705520138012858.jpg; mrousavy7154300061860090978.jpg; mrousavy7957946341236906334.jpg; mrousavy2884889473542669570.jpg
301E2,mrousavy8470377384415285380.jpg; mrousavy2756845901992984941.jpg; mrousavy2533797903340334958.jpg; mrousavy2563132200503231078.jpg; mrousavy1064309463613750689.jpg; mrousavy2931356204718141203.jpg
302E1,mrousavy5743107283203096698.jpg; mrousavy4199471449915314768.jpg; mrousavy486817095180535850.jpg; mrousavy2397018502300239205.jpg; mrousavy5064790839993629127.jpg; mrousavy6588735837240479526.jpg
302E2,mrousavy1516700070404171975.jpg; mrousavy371283718973417512.jpg; mrousavy7113915373294695947.jpg; mrousavy5952375868220502033.jpg; mrousavy3019089018508443831.jpg; mrousavy7386016567314656628.jpg
303E1,mrousavy4578529536274227280.jpg; mrousavy8078815530755650695.jpg; mrousavy6091585137872468780.jpg; mrousavy6030208300405495300.jpg; mrousavy7966972031063223554.jpg; mrousavy4595397198188605276.jpg
303E2,mrousavy1354421888227571574.jpg; mrousavy179053095081641970.jpg; mrousavy6111876423306867396.jpg; mrousavy673210966625623735.jpg; mrousavy1731915675893614128.jpg; mrousavy7467274195953626786.jpg
304E1,mrousavy2257866254301706393.jpg; mrousavy5846611960209786684.jpg; mrousavy1987838431131189124.jpg; mrousavy6959896005943894184.jpg; mrousavy4568832574131653223.jpg; mrousavy8738390353891027997.jpg
304E2,mrousavy8924747264272122751.jpg; mrousavy1596723030860212297.jpg; mrousavy3621077474322159302.jpg; mrousavy843801926054076290.jpg; mrousavy7456444419819847122.jpg; mrousavy7037326884509978345.jpg
305E1,mrousavy5314832391780931274.jpg; mrousavy9008240783979127640.jpg; mrousavy5575705725982013249.jpg; mrousavy1373924540846051409.jpg; mrousavy4144225405821378994.jpg; mrousavy4216298039216881092.jpg
305E2,mrousavy6970288223136782724.jpg; mrousavy6727934191596114655.jpg; mrousavy6658405136056507904.jpg; mrousavy4292261766204572510.jpg; mrousavy5887394813662557386.jpg; mrousavy8412705189974222087.jpg
306E1,mrousavy3629346891633867007.jpg; mrousavy2821351525717164013.jpg; mrousavy4592889997962689340.jpg; mrousavy8588513127316680135.jpg; mrousavy4951827097807707460.jpg; mrousavy5599458410268038102.jpg
306E2,mrousavy4413188053184970450.jpg; mrousavy5160824660063314405.jpg; mrousavy890466292277282617.jpg; mrousavy2599433823356731962.jpg; mrousavy2664519324948700760.jpg; mrousavy3588857848780301377.jpg
307E1,mrousavy1879894996996024585.jpg; mrousavy7127878841984815216.jpg; mrousavy6622176228958297311.jpg; mrousavy7933905254387421650.jpg; mrousavy5958146952125885637.jpg; mrousavy4163788590217359966.jpg
307E2,mrousavy7736634939602012969.jpg; mrousavy5873146606282842450.jpg; mrousavy5204617091151972036.jpg; mrousavy2391514294865684036.jpg; mrousavy4990411293463410660.jpg; mrousavy1021701327924898851.jpg
308E1,mrousavy6856524688254518563.jpg; mrousavy6270725447768958449.jpg; mrousavy2343686050647899560.jpg; mrousavy2012481329893954962.jpg; mrousavy8716571706362336208.jpg; mrousavy4514771565704619662.jpg
308E2,mrousavy7039911818899692185.jpg; mrousavy7371228663351387445.jpg; mrousavy4513443819859756970.jpg; mrousavy8934059761117326652.jpg; mrousavy3963018873986208350.jpg; mrousavy3461473426190126064.jpg
309E1,mrousavy2709956862680860012.jpg; mrousavy8492954726484243049.jpg; mrousavy4006060881724313989.jpg; mrousavy5254668284508920194.jpg; mrousavy8540890851048780587.jpg; mrousavy8264596151162477922.jpg
309E2,mrousavy2188425168813547482.jpg; mrousavy5126014981835394913.jpg; mrousavy7365318035154842896.jpg; mrousavy1145246984621964660.jpg; mrousavy6987245183221313626.jpg
310E1,mrousavy7225366099003145160.jpg; mrousavy880048528667776376.jpg; mrousavy5740489490982645613.jpg; mrousavy4226817740526789280.jpg; mrousavy4884125377349636478.jpg; mrousavy871179820388747782.jpg
310E2,mrousavy5407246572460744491.jpg; mrousavy296919938509296397.jpg; mrousavy5344489688905942382.jpg; mrousavy4037412083636664769.jpg; mrousavy1021795713508803847.jpg; mrousavy9127985581445381009.jpg
311E1,mrousavy9135556165577748396.jpg; mrousavy9149630234295530768.jpg; mrousavy8179942728976159554.jpg; mrousavy913497039021312313.jpg; mrousavy7735089727376901559.jpg; mrousavy8241358635620255240.jpg
311E2,mrousavy2188084473293218906.jpg; mrousavy2258147528150399506.jpg; mrousavy4027874519687013570.jpg; mrousavy322183225204791572.jpg; mrousavy3044558856335381078.jpg; mrousavy3436532374181461325.jpg
312E1,mrousavy2310157947961051910.jpg; mrousavy8728191527107045363.jpg; mrousavy4061942698136165131.jpg; mrousavy6871503313822029337.jpg; mrousavy6875532976349547112.jpg; mrousavy1765318860619187272.jpg
312E2,mrousavy9168085107974792682.jpg; mrousavy1689931073773691745.jpg; mrousavy7187262686490904474.jpg; mrousavy2731613802143684887.jpg; mrousavy3004578227109509004.jpg; mrousavy1698224088341904925.jpg
313E1,mrousavy6139100141239223879.jpg; mrousavy4262541526634685091.jpg; mrousavy7514950914502935521.jpg; mrousavy8246820507473660654.jpg; mrousavy9139611558717756678.jpg; mrousavy5635080434403726740.jpg
313E2,mrousavy7979389159385274359.jpg; mrousavy9017980853183490503.jpg; mrousavy6399667866105457130.jpg; mrousavy3159960697745295618.jpg; mrousavy9059261861387462812.jpg; mrousavy6815259097242135361.jpg
314E1,mrousavy8956265733782423661.jpg; mrousavy3147759310478920245.jpg; mrousavy4853722961384223627.jpg; mrousavy6719118894169477363.jpg; mrousavy6385382050537258930.jpg; mrousavy2850826016029975362.jpg
314E2,mrousavy8673336182339570832.jpg; mrousavy881686912368859732.jpg; mrousavy1004259233730956345.jpg; mrousavy2023535222216772426.jpg; mrousavy5131961889116574943.jpg; mrousavy9048554305195228442.jpg; mrousavy2655633911379359934.jpg
315E1,mrousavy3580626142355553736.jpg; mrousavy1545524174695778975.jpg; mrousavy8991815842619239504.jpg; mrousavy2818434059833054895.jpg; mrousavy9067499387106208849.jpg; mrousavy2014429718220884073.jpg
315E2,mrousavy4990603222753109827.jpg; mrousavy8271771195813195225.jpg; mrousavy4531244522921679838.jpg; mrousavy4246260652471894742.jpg; mrousavy4536341994775066036.jpg; mrousavy4481872316610482327.jpg; mrousavy8537988527679322775.jpg
316E1,mrousavy6836045431447883728.jpg; mrousavy2859056162267344550.jpg; mrousavy4816786717361164327.jpg; mrousavy1840836622458824682.jpg; mrousavy7059854436137322708.jpg; mrousavy3755436328833841817.jpg
316E2,mrousavy5658194985474165657.jpg; mrousavy8110084705857757200.jpg; mrousavy4340649586309536022.jpg; mrousavy1117003118192637694.jpg; mrousavy7288182190880269435.jpg; mrousavy7184364303319712768.jpg
317E1,mrousavy9129568574567967573.jpg; mrousavy3500810732694549219.jpg; mrousavy4894577211083829218.jpg; mrousavy4125859130881441073.jpg; mrousavy7806196409730695595.jpg; mrousavy7522873921775883801.jpg
317E2,mrousavy7630371505308044655.jpg; mrousavy3269789225270318074.jpg; mrousavy6163288794845715731.jpg; mrousavy3773340081558369127.jpg; mrousavy1963020673432916871.jpg; mrousavy3901221514289844196.jpg; mrousavy6529316924914854833.jpg
318E1,mrousavy3822276474486178772.jpg; mrousavy4627823324033494290.jpg; mrousavy4422870342364857216.jpg; mrousavy208352883097377310.jpg; mrousavy8413622752368317887.jpg; mrousavy7499404847283252804.jpg
318E2,mrousavy8315288293845576117.jpg; mrousavy7039515651333390925.jpg; mrousavy4992651622148270495.jpg; mrousavy4297229079254170619.jpg; mrousavy1349282399637674385.jpg; mrousavy4649500344065863942.jpg
319E1,mrousavy7576184692765079713.jpg; mrousavy8975835434861354207.jpg; mrousavy7806354654484435901.jpg; mrousavy884859667897397768.jpg; mrousavy8469416462971076608.jpg; mrousavy6639711098993288630.jpg
319E2,mrousavy6960079843172699555.jpg; mrousavy511561775809984038.jpg; mrousavy7472659114834504863.jpg; mrousavy5448653969052799891.jpg; mrousavy9022542331834499133.jpg; mrousavy2179067867127297457.jpg
320E1,mrousavy1210012634448847612.jpg; mrousavy1776345220296408874.jpg; mrousavy7998763052186869823.jpg; mrousavy1325798915619762198.jpg
320E2,mrousavy2789711705937822179.jpg; mrousavy251604367079015994.jpg; mrousavy8150167793040055706.jpg; mrousavy2135386396450712442.jpg; mrousavy1427961969579474695.jpg; mrousavy4902610780008165616.jpg
321E1,mrousavy2545121772208706594.jpg; mrousavy1529430465666921833.jpg; mrousavy3562738789791060755.jpg; mrousavy6139710951250464104.jpg; mrousavy9467682826553171.jpg; mrousavy3757721217598485651.jpg; mrousavy7595259850381712891.jpg; mrousavy6190200030502648819.jpg
321E2,mrousavy5480731369145313226.jpg; mrousavy1228023353940014550.jpg; mrousavy8378234007099580311.jpg; mrousavy910857323859531187.jpg; mrousavy1276186965430260736.jpg; mrousavy7373738036522043459.jpg
322E1,mrousavy2788298119605101749.jpg; mrousavy7922187206009806856.jpg; mrousavy2908746048842218874.jpg; mrousavy608753763054945781.jpg; mrousavy1048436747270088258.jpg; mrousavy8695638560683336363.jpg
322E2,mrousavy6994148132478482298.jpg; mrousavy3970214407829346862.jpg; mrousavy8073154700114738381.jpg; mrousavy1136998445584558033.jpg; mrousavy1776016236944569955.jpg; mrousavy7984437709112034907.jpg; mrousavy562594531505694842.jpg
323E1,mrousavy681680468767309946.jpg; mrousavy647643386848020694.jpg; mrousavy3546040264373162579.jpg; mrousavy8718039621900294860.jpg; mrousavy8136010912435657684.jpg; mrousavy4473522290571509299.jpg
323E2,mrousavy2450923436086212504.jpg; mrousavy1494986506907279181.jpg; mrousavy8135987207667558612.jpg; mrousavy3276442938598421522.jpg; mrousavy457440308730585039.jpg; mrousavy5499443739112456533.jpg
324E1,mrousavy5013199624128029752.jpg; mrousavy2288579984833421812.jpg; mrousavy2810115039388502767.jpg; mrousavy3337877049601948087.jpg; mrousavy4953557390004296608.jpg; mrousavy7567582644803269443.jpg
324E2,mrousavy6009240895215212120.jpg; mrousavy8095891094579425955.jpg; mrousavy517600995219691833.jpg; mrousavy9155173804169366588.jpg; mrousavy5021781098510527922.jpg; mrousavy3267365228129386032.jpg
325E1,mrousavy4076217976778255371.jpg; mrousavy3304152678731764393.jpg; mrousavy8395834720236464813.jpg; mrousavy1366154120864216024.jpg; mrousavy8571504382484045768.jpg; mrousavy8882755014026256453.jpg
325E2,mrousavy5605911328509666370.jpg; mrousavy8017582512205444554.jpg; mrousavy6583968678411592146.jpg; mrousavy8105213347321431210.jpg; mrousavy4087631250282042035.jpg; mrousavy7893911421519992835.jpg
326E1,mrousavy7481500069074600781.jpg; mrousavy2784364229951685703.jpg; mrousavy6646525820920355629.jpg; mrousavy6703727636360807902.jpg; mrousavy3081282536529932682.jpg; mrousavy1737231967276057605.jpg
326E2,mrousavy8263354867241847041.jpg; mrousavy2891373980533437048.jpg; mrousavy6429112702167475598.jpg; mrousavy167102096041640935.jpg; mrousavy4705109215375637251.jpg; mrousavy5980383326488963977.jpg; mrousavy888342775354420335.jpg
327E1,mrousavy2157628113232483948.jpg; mrousavy2527036247080431597.jpg; mrousavy7616740910959320351.jpg; mrousavy2963726250075039569.jpg; mrousavy1238801441360748965.jpg; mrousavy6678222131164449949.jpg
327E2,mrousavy6357837420843589666.jpg; mrousavy8164703935849769036.jpg; mrousavy3443327167454173514.jpg; mrousavy5275217221299977688.jpg; mrousavy2925925696429806488.jpg; mrousavy2002223079654087648.jpg; mrousavy5587006723908440074.jpg
328E1,mrousavy1191897330344642937.jpg; mrousavy2987332453213913846.jpg; mrousavy7842458748869501487.jpg; mrousavy8733067766077282216.jpg; mrousavy62798788599129899.jpg; mrousavy4821729241344647280.jpg
328E2,mrousavy3263966000008563384.jpg; mrousavy4444727583089461129.jpg; mrousavy4510665082265825894.jpg; mrousavy1114262537793715491.jpg; mrousavy1419122471335515992.jpg; mrousavy3936832163059606991.jpg
329E1,mrousavy1869756689278731592.jpg; mrousavy801801036911358349.jpg; mrousavy4386153329415361533.jpg; mrousavy6608833741782135350.jpg; mrousavy3341646547299225317.jpg; mrousavy5591616114798440827.jpg; mrousavy578139438531727209.jpg
329E2,mrousavy6775334104333653834.jpg; mrousavy2841232087221875399.jpg; mrousavy6712531408054189535.jpg; mrousavy5583605653885903370.jpg; mrousavy8468170525956182897.jpg; mrousavy1441869634750229803.jpg; mrousavy167254877627268935.jpg
330E1,mrousavy391641172816159882.jpg; mrousavy3095505309776064834.jpg; mrousavy4701563696780244931.jpg; mrousavy5629266468395560060.jpg; mrousavy8386848467781344778.jpg; mrousavy3347984968255060166.jpg
330E2,mrousavy5431529560866498142.jpg; mrousavy7926746503827861511.jpg; mrousavy2232095760209626037.jpg; mrousavy5723499302600297933.jpg; mrousavy7315522321026650778.jpg; mrousavy6007472500212430109.jpg; mrousavy4492074690524176682.jpg
331E1,mrousavy3799381939058361255.jpg; mrousavy5330019753850229488.jpg; mrousavy7723604429287633260.jpg; mrousavy1264837768961774620.jpg; mrousavy5659206880367802459.jpg; mrousavy7247328900876783736.jpg
331E2,mrousavy2897769801046179817.jpg; mrousavy3062143897901490351.jpg; mrousavy769511230192224002.jpg; mrousavy5125777837191270336.jpg; mrousavy30403708228658069.jpg; mrousavy7489286116697995094.jpg
332E1,mrousavy8224205130338330789.jpg; mrousavy1071720299096168774.jpg; mrousavy7330347181732936113.jpg; mrousavy6901309269527319822.jpg; mrousavy8035330436276322500.jpg; mrousavy1899184534587725198.jpg
332E2,mrousavy7153292080399646077.jpg; mrousavy2959174700172520054.jpg; mrousavy5232882130054022806.jpg; mrousavy7237854585123732844.jpg; mrousavy3402107225379879552.jpg; mrousavy8685949989361106831.jpg
333E1,mrousavy4213659996553891165.jpg; mrousavy5570023250875198310.jpg; mrousavy6466342575228690573.jpg; mrousavy7915111436840189360.jpg; mrousavy1155497355811457902.jpg; mrousavy5732422688073687511.jpg; mrousavy2247524221710872273.jpg
333E2,mrousavy6457622811438039970.jpg; mrousavy1647012050712967345.jpg; mrousavy3865866678424007311.jpg; mrousavy2759156254440914414.jpg; mrousavy5748320959228512735.jpg
334E1,mrousavy9102758748375103503.jpg; mrousavy7570980078468570351.jpg; mrousavy6998917768417560010.jpg; mrousavy4699240360462671721.jpg; mrousavy4575962071148334485.jpg; mrousavy2294833807271001838.jpg
334E2,mrousavy3030702059802505589.jpg; mrousavy1713272116801475966.jpg; mrousavy5021282590232679557.jpg; mrousavy2597045228658003846.jpg; mrousavy8154349056949591629.jpg; mrousavy8738638373254690685.jpg
335E1,mrousavy4163944197619074580.jpg; mrousavy4016811191919175646.jpg; mrousavy2602349846317118029.jpg; mrousavy9101982738038561086.jpg; mrousavy8899757514250251954.jpg; mrousavy5826263593352901450.jpg
335E2,mrousavy4287265757991475405.jpg; mrousavy6405634077003860210.jpg; mrousavy8053462778213340804.jpg; mrousavy6512120618474088856.jpg; mrousavy764290072571896880.jpg; mrousavy2823389978450786578.jpg
336E1,mrousavy3740432992941762786.jpg; mrousavy5410125945312760507.jpg; mrousavy8575264087209377136.jpg; mrousavy493705645661384861.jpg; mrousavy3425953829431017990.jpg; mrousavy6792107936768532444.jpg
336E2,mrousavy3925444566305060180.jpg; mrousavy1671514926388969920.jpg; mrousavy5902400210793342333.jpg; mrousavy4220744292043193336.jpg; mrousavy4028079257054201437.jpg; mrousavy8178369055167577513.jpg; mrousavy4396675816414628738.jpg
337E1,mrousavy3401769963179360254.jpg; mrousavy5685525992761807405.jpg; mrousavy7761736533618274055.jpg; mrousavy8365087721373006126.jpg; mrousavy2813705165682114676.jpg
337E2,mrousavy1635744744957456556.jpg; mrousavy2703522240604865770.jpg; mrousavy2687788152557750645.jpg; mrousavy9185745748722490140.jpg; mrousavy7361676156134704143.jpg; mrousavy6221618445059330955.jpg
338E1,mrousavy4972646909063613332.jpg; mrousavy4924007151742937147.jpg; mrousavy5782684144727904246.jpg; mrousavy980146122879083825.jpg; mrousavy2605112880642594535.jpg; mrousavy2896264981999959856.jpg
338E2,mrousavy7190040138494152588.jpg; mrousavy8780335270483403840.jpg; mrousavy6465636461038584103.jpg; mrousavy1183751473339530185.jpg; mrousavy8369458781598851477.jpg; mrousavy2676919821043707081.jpg
339E1,mrousavy6033573066059605584.jpg; mrousavy6461248864889520115.jpg; mrousavy1819076743082812798.jpg; mrousavy7362708467428020497.jpg; mrousavy5495090431283999254.jpg; mrousavy3834771546915606453.jpg
339E2,mrousavy7702812635950127327.jpg; mrousavy764215105179875597.jpg; mrousavy1231024215659824545.jpg; mrousavy8798659471357516835.jpg; mrousavy812702832748372287.jpg; mrousavy8402624214292063346.jpg; mrousavy3634067966563661552.jpg
340E1,mrousavy1257872586335600505.jpg; mrousavy8346015107929133940.jpg; mrousavy1196159087372609124.jpg; mrousavy6813254515271355643.jpg; mrousavy5368754941252256251.jpg; mrousavy7327066273099955680.jpg
340E2,mrousavy6743668690871288632.jpg; mrousavy3779514037371277693.jpg; mrousavy4972253103524327930.jpg; mrousavy5566909206177135618.jpg; mrousavy184873761580649250.jpg
341E1,mrousavy6454316256782947759.jpg; mrousavy7044179823508528464.jpg; mrousavy1444947765728380525.jpg; mrousavy321607047162082358.jpg; mrousavy2085861718680638286.jpg
341E2,mrousavy6379307147939131784.jpg; mrousavy5520715414156815986.jpg; mrousavy5761977222143359804.jpg; mrousavy2127249439408173266.jpg; mrousavy936913709317757787.jpg; mrousavy85243951136300563.jpg; mrousavy5909429733185948350.jpg
342E1,mrousavy519811542030107668.jpg; mrousavy5814734124865043568.jpg; mrousavy1955838830650760560.jpg; mrousavy8780156018401737595.jpg; mrousavy630135807969112875.jpg; mrousavy493107515146234937.jpg
342E2,mrousavy5024635954392072529.jpg; mrousavy6837142936899971704.jpg; mrousavy2203113735105854744.jpg; mrousavy1253286384659676964.jpg; mrousavy8912617133379448909.jpg; mrousavy8819360775507318604.jpg
343E1,mrousavy3770194647979495316.jpg; mrousavy201424231788001698.jpg; mrousavy4950047643260650940.jpg; mrousavy1165850075758214006.jpg; mrousavy1201041875408297283.jpg; mrousavy626955343419031822.jpg
343E2,mrousavy335161708936760786.jpg; mrousavy8161381764109396848.jpg; mrousavy1753030317914418120.jpg; mrousavy2848742583161200605.jpg; mrousavy4730353860641873907.jpg; mrousavy4201960037202168511.jpg; mrousavy4016633004014572769.jpg
344E1,mrousavy4101896456741827300.jpg; mrousavy3695296452957181540.jpg; mrousavy5071825495038396774.jpg; mrousavy5014032158088896574.jpg; mrousavy2178558264815357148.jpg; mrousavy7865835235358958917.jpg
344E2,mrousavy4867132083490256137.jpg; mrousavy379304004625698061.jpg; mrousavy4592272243118998531.jpg; mrousavy5939988933604024173.jpg; mrousavy3412732169633883140.jpg; mrousavy2289194799599459004.jpg
345E1,mrousavy8948345292994410697.jpg; mrousavy2819697833018752287.jpg; mrousavy7886251267776948901.jpg; mrousavy2736176808886039598.jpg; mrousavy274353657691544891.jpg; mrousavy6844250044925775760.jpg
345E2,mrousavy7088872456711965181.jpg; mrousavy8966337917143986326.jpg; mrousavy4791363304727934408.jpg; mrousavy6319346123173639464.jpg; mrousavy4517146174905151702.jpg; mrousavy7275521796983491011.jpg
346E1,mrousavy4614323986929051637.jpg; mrousavy1168487745189933416.jpg; mrousavy311974858852479229.jpg; mrousavy2503529555969468934.jpg; mrousavy1862351753444940734.jpg; mrousavy3713541539929027071.jpg
346E2,mrousavy5446151802409120335.jpg; mrousavy444272128892719331.jpg; mrousavy7748886445000756477.jpg; mrousavy4633646553575350631.jpg; mrousavy5769762499514480387.jpg; mrousavy7513467922216937690.jpg
347E1,mrousavy973834476309934815.jpg; mrousavy4728672249524120435.jpg; mrousavy4906259125061335798.jpg; mrousavy1676961944019020268.jpg; mrousavy7468547466247224996.jpg; mrousavy7829650013636435081.jpg
347E2,mrousavy1013509260278639796.jpg; mrousavy2929462071154027969.jpg; mrousavy5441613346217508067.jpg; mrousavy3361096153340152641.jpg; mrousavy3148692832941927539.jpg
348E1,mrousavy389328630374219589.jpg; mrousavy8582946653882470072.jpg; mrousavy2745385242393474415.jpg; mrousavy4777901341533334599.jpg; mrousavy1255584579658470132.jpg; mrousavy4352695448876840878.jpg
348E2,mrousavy5077179313852431228.jpg; mrousavy7674819287918418493.jpg; mrousavy1822576009771474474.jpg; mrousavy9089810452202912193.jpg; mrousavy7904516302612893970.jpg; mrousavy1875146431757083621.jpg
349E1,mrousavy1383579372256393638.jpg; mrousavy5500615424612821534.jpg; mrousavy3582696351005045469.jpg; mrousavy1244269978227081073.jpg; mrousavy8083784832727069193.jpg; mrousavy1808681205221676405.jpg
349E2,mrousavy3432054151715251836.jpg; mrousavy6221016304784415485.jpg; mrousavy3761929023965035650.jpg; mrousavy6653178346611713371.jpg; mrousavy4959343006907325130.jpg; mrousavy6273901496532283030.jpg
350E1,mrousavy5056785076704995267.jpg; mrousavy4669505416299210737.jpg; mrousavy4645032724249744032.jpg; mrousavy3923131454696887549.jpg; mrousavy389653367527919047.jpg; mrousavy4043252863422235563.jpg
350E2,mrousavy7550062293410539862.jpg; mrousavy7533361419642650724.jpg; mrousavy591175432662647359.jpg; mrousavy5440593199462558010.jpg; mrousavy5129390974505508271.jpg; mrousavy3968079878818865584.jpg
351E1,mrousavy8867123221063988991.jpg; mrousavy7980986214672605465.jpg; mrousavy1882792411841176928.jpg; mrousavy7507423735652451009.jpg; mrousavy5942070372565986258.jpg; mrousavy5439460844005767867.jpg
351E2,mrousavy1535843683315559442.jpg; mrousavy6463060834144464557.jpg; mrousavy4120227956743580406.jpg; mrousavy520954655083937394.jpg; mrousavy1370124849664631068.jpg; mrousavy1391731272492062480.jpg
352E1,mrousavy2678220853947888505.jpg; mrousavy1134414389290979685.jpg; mrousavy5565119213111141339.jpg; mrousavy8507848427267670205.jpg; mrousavy6200455351736613048.jpg; mrousavy6001606860085052091.jpg; mrousavy4244750463101572966.jpg
352E2,mrousavy8929631640506788706.jpg; mrousavy5447034736662875383.jpg; mrousavy893348564206660760.jpg; mrousavy6554253240207954866.jpg; mrousavy2563719356017636159.jpg; mrousavy8281042662924377959.jpg
353E1,mrousavy8839249397811427104.jpg; mrousavy4426015588766639854.jpg; mrousavy3546439910161350820.jpg; mrousavy4630331769177822298.jpg; mrousavy8606739570372866512.jpg; mrousavy5959687779871353807.jpg
353E2,mrousavy3384230676024842271.jpg; mrousavy4112533406413766950.jpg; mrousavy4513884554963106712.jpg; mrousavy7100209231426283155.jpg; mrousavy5432534241512664461.jpg; mrousavy6845288370984629123.jpg
354E1,mrousavy5590070048424828555.jpg; mrousavy1453505762036294692.jpg; mrousavy5481609721949519322.jpg; mrousavy8092979927806657385.jpg; mrousavy670898810531197207.jpg; mrousavy8100538607007259335.jpg
354E2,mrousavy436884536328063947.jpg; mrousavy6825000853683913157.jpg; mrousavy5385407126895232896.jpg; mrousavy4716235682417008380.jpg; mrousavy1185117664042694198.jpg; mrousavy2315564423272691354.jpg; mrousavy8517936336551212306.jpg
355E1,mrousavy7590682224884654915.jpg; mrousavy2893306241724296409.jpg; mrousavy7591371934523541885.jpg; mrousavy1357893338601285354.jpg; mrousavy3367871443767351969.jpg; mrousavy4149900877711662470.jpg
355E2,mrousavy1315109397343740572.jpg; mrousavy5640369468377800143.jpg; mrousavy7403161646519413707.jpg; mrousavy2032189951392027952.jpg; mrousavy3527966669226363385.jpg
356E1,mrousavy1944806687687607803.jpg; mrousavy4420628570474238063.jpg; mrousavy1229372728375577236.jpg; mrousavy1424810393737271620.jpg; mrousavy1865488915378250.jpg; mrousavy7153474240419378680.jpg
356E2,mrousavy4148274046868758111.jpg; mrousavy2536019278986301360.jpg; mrousavy2283838547596447414.jpg; mrousavy3749618583411369275.jpg; mrousavy6331092228173919137.jpg; mrousavy8470896909623961510.jpg; mrousavy572673631813875665.jpg
357E1,mrousavy4472851426590859386.jpg; mrousavy5186935806575686888.jpg; mrousavy3069924252988760415.jpg; mrousavy7509769155873560515.jpg; mrousavy8531671322258450842.jpg; mrousavy4723855690281428596.jpg
357E2,mrousavy1760345255259563833.jpg; mrousavy3051545390135197016.jpg; mrousavy2328975355230451179.jpg; mrousavy778175645277773468.jpg; mrousavy2537823090052630873.jpg; mrousavy4750870067249699706.jpg
358E1,mrousavy941747674623227151.jpg; mrousavy7939393935587338608.jpg; mrousavy8158010424677381111.jpg; mrousavy8012330999096682513.jpg; mrousavy3649656586703777652.jpg; mrousavy9145306299423337792.jpg; mrousavy144779815917740895.jpg
358E2,mrousavy5718506348132430445.jpg; mrousavy1193979243332398602.jpg; mrousavy4364271785247138958.jpg; mrousavy8862089279971803123.jpg; mrousavy2447044914758184724.jpg; mrousavy710165618973524130.jpg; mrousavy4529300801032015111.jpg
359E1,mrousavy9018270066541511121.jpg; mrousavy7357780741842608099.jpg; mrousavy6838876774917448759.jpg; mrousavy8909460876844757222.jpg; mrousavy8713060249222682708.jpg; mrousavy1599343960010428252.jpg
359E2,mrousavy363547642844786705.jpg; mrousavy1681948701413517418.jpg; mrousavy8045847028793556242.jpg; mrousavy3795974873049697469.jpg; mrousavy6094593144869133825.jpg; mrousavy3205155907926341669.jpg
360E1,mrousavy6432721850415778135.jpg; mrousavy6842252741365383936.jpg; mrousavy3114321575781399983.jpg; mrousavy1782239221017619154.jpg; mrousavy2990298999846628168.jpg; mrousavy6776238920599855843.jpg
360E2,mrousavy6906183611246138398.jpg; mrousavy4342813294717006319.jpg; mrousavy3287225218850064340.jpg; mrousavy3378857215175937015.jpg; mrousavy1503521693351955827.jpg; mrousavy6453668636546039816.jpg
361E1,mrousavy8100898516086782579.jpg; mrousavy6930769958409763138.jpg; mrousavy1508906030069167464.jpg; mrousavy8935459852925096430.jpg; mrousavy5915136400688453943.jpg; mrousavy1085450063776480056.jpg
361E2,mrousavy3453606094428141926.jpg; mrousavy1612848098697996828.jpg; mrousavy2897346230084898993.jpg; mrousavy3066679738891811599.jpg; mrousavy6337587853319242065.jpg; mrousavy7440108204386904681.jpg
362E1,mrousavy9132825019626301667.jpg; mrousavy7562800143434026684.jpg; mrousavy1002035277786059123.jpg; mrousavy6352723596775087973.jpg; mrousavy5002337748091291982.jpg; mrousavy5945556931519711250.jpg
362E2,mrousavy1436200269613534794.jpg; mrousavy2872526602129286527.jpg; mrousavy5434337828380252070.jpg; mrousavy5371143114070520636.jpg; mrousavy5197754132540962745.jpg; mrousavy6750483618399379395.jpg
363E1,mrousavy7234625645573822247.jpg; mrousavy4368709798257272547.jpg; mrousavy8335111679302494930.jpg; mrousavy1028908977264550387.jpg; mrousavy403241389999568719.jpg; mrousavy1142115201660281711.jpg
363E2,mrousavy3508424131811479994.jpg; mrousavy1446500081797842916.jpg; mrousavy2672006099770436139.jpg; mrousavy2228543535859103781.jpg; mrousavy5718049763632182218.jpg; mrousavy6479116808074081058.jpg
364E1,mrousavy4327224613796131820.jpg; mrousavy5294446038554237146.jpg; mrousavy8985237116652888414.jpg; mrousavy5530925305138965177.jpg; mrousavy6338474894620561649.jpg; mrousavy3921773914492354812.jpg
364E2,mrousavy8095153680291415953.jpg; mrousavy8622834720806888769.jpg; mrousavy589327163686828671.jpg; mrousavy5481028332857068738.jpg; mrousavy1657248161116868124.jpg; mrousavy2868070151506452783.jpg
365E1,mrousavy7204703472664840494.jpg; mrousavy361541940357544273.jpg; mrousavy367407725274038319.jpg; mrousavy439405591901861847.jpg; mrousavy6438869878730659403.jpg; mrousavy3610127063823547528.jpg
365E2,mrousavy8797854112414914691.jpg; mrousavy3747912698369997708.jpg; mrousavy2854520572837384098.jpg; mrousavy7385467684060768734.jpg; mrousavy8428252043457982352.jpg; mrousavy6023585865527904220.jpg
366E1,mrousavy2133192642881566710.jpg; mrousavy6273501155500348597.jpg; mrousavy6228149791191484380.jpg; mrousavy3588207203237295809.jpg; mrousavy8740202635814620218.jpg; mrousavy4922947357023848379.jpg
366E2,mrousavy2527927008399686484.jpg; mrousavy8030473739162770478.jpg; mrousavy2977845971823500556.jpg; mrousavy7046177137794243568.jpg; mrousavy4245917793896936128.jpg; mrousavy3479788740467474490.jpg
367E1,mrousavy2768219071639348419.jpg; mrousavy3161904779659769196.jpg; mrousavy4518775843526787769.jpg; mrousavy4179177224361032101.jpg; mrousavy5676536301269264248.jpg; mrousavy3618748375128693639.jpg
367E2,mrousavy1295488590096700412.jpg; mrousavy6165207365215798799.jpg; mrousavy5408387909154009432.jpg; mrousavy5562931645264102179.jpg; mrousavy4886347461050811537.jpg; mrousavy1853911409050174462.jpg
368E1,mrousavy7028970739961150409.jpg; mrousavy3065488379826432434.jpg; mrousavy4290380085473075568.jpg; mrousavy5142244062934704677.jpg; mrousavy7054546400308212284.jpg; mrousavy8218926280800909677.jpg
368E2,mrousavy2615095404295746514.jpg; mrousavy6376976259139858296.jpg; mrousavy8300642678083955233.jpg; mrousavy2650786472739463930.jpg; mrousavy6696072028507646716.jpg; mrousavy5700264578557787921.jpg
369E1,mrousavy2087595378825946455.jpg; mrousavy3757346163237443842.jpg; mrousavy2452218407619357918.jpg; mrousavy1237769791701328077.jpg; mrousavy7061445038998745577.jpg; mrousavy6979450981131181351.jpg
369E2,mrousavy341905517237583245.jpg; mrousavy5430190869797809850.jpg; mrousavy4469566985329785642.jpg; mrousavy1653030537017715591.jpg; mrousavy8839271075278107623.jpg; mrousavy7028036174941415896.jpg
370E1,mrousavy4892279533454027384.jpg; mrousavy2000836231563168450.jpg; mrousavy7032199771145420955.jpg; mrousavy3358412983393152868.jpg; mrousavy1838520250007293085.jpg; mrousavy6702640308890702074.jpg
370E2,mrousavy6830354372773699883.jpg; mrousavy3666803257209235566.jpg; mrousavy8918179881246689498.jpg; mrousavy8875262691507346317.jpg; mrousavy2592257303385385599.jpg; mrousavy527271160850579223.jpg
371E1,mrousavy7919327512097163172.jpg; mrousavy5819308557438101421.jpg; mrousavy2704205869595717564.jpg; mrousavy2699207922079037848.jpg; mrousavy6707669162665477963.jpg; mrousavy6392799362610126317.jpg
371E2,mrousavy1127962434324591111.jpg; mrousavy2350766093867355202.jpg; mrousavy1288097249377543610.jpg; mrousavy4800824511007960948.jpg; mrousavy8559716097334412897.jpg; mrousavy1119585181162313279.jpg
372E1,mrousavy4803039030893131562.jpg; mrousavy1234328388623415259.jpg; mrousavy5461951597513277491.jpg; mrousavy4305528609807368219.jpg; mrousavy6619743237189596088.jpg; mrousavy4436339240841300986.jpg
372E2,mrousavy681025358935606250.jpg; mrousavy6556988209903217499.jpg; mrousavy8745523511196975188.jpg; mrousavy1798067597979671399.jpg; mrousavy8279311787130917394.jpg; mrousavy3803030831647577397.jpg
373E1,mrousavy303669708651163520.jpg; mrousavy698477875440674039.jpg; mrousavy5555079196213146401.jpg; mrousavy5511927632580683274.jpg; mrousavy3420969313895519120.jpg; mrousavy7580363860659222849.jpg
373E2,mrousavy8363286988044542799.jpg; mrousavy86345599194139942.jpg; mrousavy3970049916189009014.jpg; mrousavy818381446193410541.jpg; mrousavy5307945384989548828.jpg; mrousavy5257036151904026264.jpg
374E1,mrousavy6759117175349197390.jpg; mrousavy8948842943006328714.jpg; mrousavy4104312017478623361.jpg; mrousavy381848226727513221.jpg; mrousavy6030565377555794574.jpg; mrousavy5347002265323319562.jpg
374E2,mrousavy6642116216389291084.jpg; mrousavy7048950463212653833.jpg; mrousavy5241352029326413282.jpg; mrousavy2271500566511771793.jpg; mrousavy2996657446716021162.jpg; mrousavy7554386452368942530.jpg
375E1,mrousavy1599663353201791308.jpg; mrousavy2213678957728539464.jpg; mrousavy6211981011953165121.jpg; mrousavy9107684035120008143.jpg; mrousavy5419825156119095480.jpg; mrousavy5634630295906941929.jpg
375E2,mrousavy3988327905898133236.jpg; mrousavy1063275664283946069.jpg; mrousavy6676937865172061475.jpg; mrousavy1396298143115609423.jpg; mrousavy2073902671483443735.jpg; mrousavy1729616711549076935.jpg
376E1,mrousavy5284403531901354251.jpg; mrousavy4103941994421641430.jpg; mrousavy697808470536399739.jpg; mrousavy3071803778413978148.jpg; mrousavy1210292823489994501.jpg; mrousavy4235712314874738904.jpg
376E2,mrousavy5290602171956393363.jpg; mrousavy2611462991546405257.jpg; mrousavy4430211042863571372.jpg; mrousavy3260192427642220976.jpg; mrousavy8265130893431340410.jpg; mrousavy7505983467330962689.jpg
377E1,mrousavy2171963539755504000.jpg; mrousavy1585796579360617830.jpg; mrousavy1211033053054155509.jpg; mrousavy5268151389269208133.jpg; mrousavy1038283178891474507.jpg; mrousavy5252602161641364688.jpg
377E2,mrousavy1651387215850865950.jpg; mrousavy6153359918462705771.jpg; mrousavy98704975565522365.jpg; mrousavy5687203509749957629.jpg; mrousavy8564444985471019608.jpg; mrousavy3533218039354235642.jpg
378E1,mrousavy659069957272878056.jpg; mrousavy4983743720202263692.jpg; mrousavy888008786745715593.jpg; mrousavy3405885870028751553.jpg; mrousavy6788207393917849827.jpg; mrousavy5031450907044606889.jpg
378E2,mrousavy585387329343614128.jpg; mrousavy2912817537538134545.jpg; mrousavy2038349706122344163.jpg; mrousavy2248412790038644930.jpg; mrousavy8284581080876376905.jpg; mrousavy3325131204196971180.jpg
379E1,mrousavy5962725366187080732.jpg; mrousavy5862654734513887753.jpg; mrousavy8296560679590610483.jpg; mrousavy3542432832149005434.jpg; mrousavy4499436323897003565.jpg; mrousavy7572075409522212669.jpg
379E2,mrousavy680845929336356359.jpg; mrousavy3188607130456282412.jpg; mrousavy2608593705438886770.jpg; mrousavy2305145814717385923.jpg; mrousavy8574033069110109094.jpg; mrousavy1072556913302096373.jpg
380E1,mrousavy1676050570228184046.jpg; mrousavy2168352172298988830.jpg; mrousavy8178850927262977167.jpg; mrousavy1105330142629943777.jpg; mrousavy3879262186635256990.jpg; mrousavy1237404457372516395.jpg
380E2,mrousavy8039551578056351053.jpg; mrousavy8515308081725803081.jpg; mrousavy4681023625503527110.jpg; mrousavy5534479036548209795.jpg; mrousavy4184762535069953929.jpg; mrousavy7127937185615684218.jpg
381E1,mrousavy3963513857367661120.jpg; mrousavy3113772264768701418.jpg; mrousavy8230167145150819124.jpg; mrousavy3267898496460868376.jpg; mrousavy7293866775392108311.jpg; mrousavy8742636171994036761.jpg
381E2,mrousavy8543822643207120055.jpg; mrousavy785782159865676592.jpg; mrousavy724664948631722920.jpg; mrousavy8177758106516216886.jpg; mrousavy6947442787552721264.jpg; mrousavy1425903114499143121.jpg
382E1,mrousavy8542669816354486045.jpg; mrousavy3099144615019044102.jpg; mrousavy2157651489132465908.jpg; mrousavy8845431623891391046.jpg; mrousavy8844331599601860364.jpg; mrousavy8960793134723712388.jpg
382E2,mrousavy8223968468603913193.jpg; mrousavy3953747702418745035.jpg; mrousavy6789484064730732742.jpg; mrousavy762048491982846461.jpg; mrousavy4333721279772967900.jpg; mrousavy253838171565455781.jpg
383E1,mrousavy5200577782943753792.jpg; mrousavy5059814567958725678.jpg; mrousavy8375556632525383066.jpg; mrousavy9044235428484941648.jpg; mrousavy1101208220484431412.jpg; mrousavy3995696605897962740.jpg
383E2,mrousavy5771428270641862017.jpg; mrousavy7521128944305318470.jpg; mrousavy4117103476338111638.jpg; mrousavy6961187024520620916.jpg; mrousavy4492047910349297740.jpg; mrousavy8455942412290209656.jpg
384E1,mrousavy3946471736623359469.jpg; mrousavy8307831582597661106.jpg; mrousavy2148787240657163487.jpg; mrousavy8561532494241277875.jpg; mrousavy5215524136889166218.jpg; mrousavy8220413146606861479.jpg
384E2,mrousavy2045781056080359784.jpg; mrousavy4927798732484808880.jpg; mrousavy1808299442027882882.jpg; mrousavy7278480956214418273.jpg; mrousavy1651424458655541502.jpg; mrousavy9188543965419877955.jpg
385E1,mrousavy3309510806162710692.jpg; mrousavy7639648728982313133.jpg; mrousavy309368343271499.jpg; mrousavy7366637334485075070.jpg; mrousavy7989392739459176296.jpg; mrousavy7724649404565099899.jpg
385E2,mrousavy4764215030174626498.jpg; mrousavy1272979837375703987.jpg; mrousavy5610903153097973512.jpg; mrousavy4040450797481381449.jpg; mrousavy55899943408922007.jpg; mrousavy6980272156284269585.jpg
386E1,mrousavy4534799528709408212.jpg; mrousavy4517867378652359377.jpg; mrousavy6159285431479841577.jpg; mrousavy5254206076768384882.jpg; mrousavy3309042419165636157.jpg; mrousavy4300779454458834584.jpg
386E2,mrousavy7742346245626769257.jpg; mrousavy1888668307975988029.jpg; mrousavy5445447802605735913.jpg; mrousavy3432460419681529584.jpg; mrousavy5631584250830149588.jpg; mrousavy1443617264575135475.jpg
387E1,mrousavy7976429033316640716.jpg; mrousavy73658024711041406.jpg; mrousavy219285364037386794.jpg; mrousavy1416864510152053381.jpg; mrousavy3676940039701808613.jpg; mrousavy870080886143595928.jpg
387E2,mrousavy133139736749169767.jpg; mrousavy6904855662894525192.jpg; mrousavy5226451782559004085.jpg; mrousavy8879980758811426414.jpg; mrousavy1085515629314124809.jpg; mrousavy3362391748850953936.jpg
388E1,mrousavy4021865994479459567.jpg; mrousavy3072315797539211262.jpg; mrousavy4134904348509009201.jpg; mrousavy3867847370771879849.jpg; mrousavy3918452332817160605.jpg; mrousavy5430468353643013636.jpg
388E2,mrousavy4511722394613451688.jpg; mrousavy7591030851447988070.jpg; mrousavy2209036253211812491.jpg; mrousavy803952728533438715.jpg; mrousavy5897829154899849778.jpg; mrousavy2254650872302868781.jpg
389E1,mrousavy4136971931914647365.jpg; mrousavy725895527911664099.jpg; mrousavy5901847307989490973.jpg; mrousavy7394940927927774051.jpg; mrousavy998708314860417005.jpg; mrousavy8500694472154089317.jpg
389E2,mrousavy6512174843196815599.jpg; mrousavy7331929622086459309.jpg; mrousavy3274291953986047491.jpg; mrousavy7353309824460690545.jpg; mrousavy7637165064142751569.jpg; mrousavy657084617477164304.jpg
390E1,mrousavy5161031205959587106.jpg; mrousavy547165004268629526.jpg; mrousavy1695161300941331320.jpg; mrousavy4874268276214487727.jpg; mrousavy563887553996122417.jpg; mrousavy4459371933543346380.jpg
390E2,mrousavy1338889659611866470.jpg; mrousavy2717516008304462389.jpg; mrousavy4525575156799996997.jpg; mrousavy3127260921237001189.jpg; mrousavy2649137069271512307.jpg; mrousavy2199636631811397697.jpg
391E1,mrousavy3659623790356766757.jpg; mrousavy7415241226995430883.jpg; mrousavy3675111263040523675.jpg; mrousavy6918095864944834906.jpg; mrousavy1945568998656869986.jpg; mrousavy382083032210805674.jpg
391E2,mrousavy6828683768750908793.jpg; mrousavy7034237758054589787.jpg; mrousavy6362280028127816134.jpg; mrousavy6929572892819251084.jpg; mrousavy2252036275635267492.jpg; mrousavy793306638219295879.jpg
392E1,mrousavy3859786468017417155.jpg; mrousavy3106066464444846492.jpg; mrousavy1995616792587926876.jpg; mrousavy5218806853395987141.jpg; mrousavy8965773237016077377.jpg; mrousavy5696543034152520229.jpg
392E2,mrousavy892742009969345507.jpg; mrousavy6666811730901210741.jpg; mrousavy636037732084058230.jpg; mrousavy2262120861279838859.jpg; mrousavy2340045665415046552.jpg; mrousavy607944556029834977.jpg
393E1,mrousavy5247199827680919395.jpg; mrousavy531629958965053079.jpg; mrousavy4372631123515411561.jpg; mrousavy7553244184395635406.jpg; mrousavy6779714691868651310.jpg; mrousavy2194254509657432490.jpg
393E2,mrousavy2858768831996747799.jpg; mrousavy1166648755237549919.jpg; mrousavy3187805078424105956.jpg; mrousavy4222549941127918640.jpg; mrousavy970441001872120885.jpg; mrousavy3938458850268534116.jpg
394E1,mrousavy2095656845805294396.jpg; mrousavy7023313642917318829.jpg; mrousavy8116513914465843750.jpg; mrousavy2721204012878705502.jpg; mrousavy8209865554996140434.jpg; mrousavy5947898843139775234.jpg
394E2,mrousavy1975164436554768551.jpg; mrousavy453699678891700901.jpg; mrousavy7106146716830321527.jpg; mrousavy2497583034543540259.jpg; mrousavy7475806195352498649.jpg; mrousavy2565046344591930489.jpg
395E1,mrousavy2459174726536342254.jpg; mrousavy9125994335518821210.jpg; mrousavy3888294724242953645.jpg; mrousavy1081912042492254186.jpg; mrousavy1809510031939287738.jpg; mrousavy5722542853566991456.jpg
395E2,mrousavy784450454821798341.jpg; mrousavy1198932687481809793.jpg; mrousavy4758882509831632728.jpg; mrousavy7437323742324628069.jpg; mrousavy5929065568662926582.jpg; mrousavy8513410098656594295.jpg
396E1,mrousavy7730634375379210202.jpg; mrousavy5365519360833706252.jpg; mrousavy7751420186103138007.jpg; mrousavy1253682616028277007.jpg; mrousavy1449851370540870135.jpg; mrousavy2201837861988647400.jpg
396E2,mrousavy9068860839055747258.jpg; mrousavy8389165126434245596.jpg; mrousavy2725812100261496240.jpg; mrousavy6888111707969593906.jpg; mrousavy1291132019529180364.jpg; mrousavy3205575485359214468.jpg
397E1,mrousavy7612030816414293516.jpg; mrousavy519655824456706860.jpg; mrousavy6096477726523432507.jpg; mrousavy3263217666484117190.jpg; mrousavy8640071243699543275.jpg; mrousavy7335684214162325937.jpg
397E2,mrousavy5718177108740737206.jpg; mrousavy7816448171784335071.jpg; mrousavy3036877174547673720.jpg; mrousavy7980860618482536236.jpg; mrousavy2412227038452912064.jpg; mrousavy1160590483227653124.jpg
398E1,mrousavy271696118750460640.jpg; mrousavy1113820392865361352.jpg; mrousavy7138435908345830091.jpg; mrousavy3255599584949053013.jpg; mrousavy8283101462022724951.jpg; mrousavy4692993216732833679.jpg
398E2,mrousavy4678659583194241106.jpg; mrousavy2170125673606016376.jpg; mrousavy7750301857543990249.jpg; mrousavy2333239225909470511.jpg; mrousavy5432260577386648199.jpg; mrousavy7691517181785200496.jpg
399E1,mrousavy6725066880135893585.jpg; mrousavy8392382916660166316.jpg; mrousavy7751327149369257435.jpg; mrousavy8454279743840826120.jpg; mrousavy1214288639908241672.jpg; mrousavy2283537501055502628.jpg
399E2,mrousavy1999223923147685510.jpg; mrousavy1389661932329801674.jpg; mrousavy8110143916431752524.jpg; mrousavy6921011000787152852.jpg; mrousavy1588120133637720543.jpg; mrousavy1229499532623910403.jpg
400E1,mrousavy5795338029191663894.jpg; mrousavy3966124929548794601.jpg; mrousavy5759046884264469256.jpg; mrousavy4036188894578566844.jpg; mrousavy6594605533276224289.jpg; mrousavy7467670929846589265.jpg
400E2,mrousavy5912449336042610601.jpg; mrousavy5567363453253000129.jpg; mrousavy1016610794520362730.jpg; mrousavy5559910777657714436.jpg; mrousavy5897371762924993049.jpg; mrousavy4651464802019823517.jpg
401E1,mrousavy7180795572060812457.jpg; mrousavy689368660828605157.jpg; mrousavy7573009809253869483.jpg; mrousavy9074310036145875558.jpg; mrousavy6956567181815531173.jpg; mrousavy4754054092358184127.jpg
401E2,mrousavy3211421920067176198.jpg; mrousavy3909830825574066628.jpg; mrousavy6274526209501437627.jpg; mrousavy3429910055041242082.jpg; mrousavy5059740846188898829.jpg; mrousavy4710301604213497625.jpg
402E1,mrousavy6524718529615946941.jpg; mrousavy3182030732275893720.jpg; mrousavy6118360324204616218.jpg; mrousavy3564610518142789493.jpg; mrousavy3299298446482029103.jpg; mrousavy8369990090316994049.jpg
402E2,mrousavy5039856410738762487.jpg; mrousavy210067107349980926.jpg; mrousavy6136164983438658426.jpg; mrousavy5980979150409816081.jpg; mrousavy3484449550666273565.jpg; mrousavy5469091896092505270.jpg
403E1,mrousavy2749514539798621218.jpg; mrousavy116509107464652343.jpg; mrousavy3577822145171422576.jpg; mrousavy8683118908265471289.jpg; mrousavy5806721407510446890.jpg; mrousavy5805613303206049106.jpg
403E2,mrousavy834409840927119837.jpg; mrousavy8117253460159529641.jpg; mrousavy4140405132089441122.jpg; mrousavy8719304691827806616.jpg; mrousavy6350951031318703361.jpg; mrousavy3055112381259367663.jpg
404E1,mrousavy2848006248162143793.jpg; mrousavy3039749760517724603.jpg; mrousavy4406196888092151759.jpg; mrousavy5592389471192430092.jpg; mrousavy8748250193986145975.jpg; mrousavy8134388688717706300.jpg
404E2,mrousavy7544846887819786866.jpg; mrousavy4911803997901116552.jpg; mrousavy4100782119621962337.jpg; mrousavy7118465927986121536.jpg; mrousavy4154748267625323535.jpg; mrousavy2843770768128035007.jpg
405E1,mrousavy3553481180543617718.jpg; mrousavy5203502771557298523.jpg; mrousavy200833084909324533.jpg; mrousavy7056043682964624851.jpg; mrousavy7768762034538711104.jpg; mrousavy3468502558725353315.jpg
405E2,mrousavy4140181218643636491.jpg; mrousavy1869077124166183734.jpg; mrousavy1239981712858526275.jpg; mrousavy5848449932658570092.jpg; mrousavy1826535762650701068.jpg; mrousavy4988396667505157732.jpg
406E1,mrousavy5257819211830733477.jpg; mrousavy1030478988964834995.jpg; mrousavy3437798429008549654.jpg; mrousavy1772069974067739259.jpg; mrousavy3680099191394747190.jpg; mrousavy8420263714488517607.jpg
406E2,mrousavy7571815257933614508.jpg; mrousavy2592001833097948809.jpg; mrousavy4880090840137711511.jpg; mrousavy5172988246513609179.jpg; mrousavy844920041334149590.jpg; mrousavy7038742088364069446.jpg
407E1,mrousavy2906559058591875065.jpg; mrousavy7946043979957567224.jpg; mrousavy2385835376872600236.jpg; mrousavy672324367495010115.jpg; mrousavy7385455565166953570.jpg; mrousavy2520867143721659797.jpg
407E2,mrousavy2759154128174961163.jpg; mrousavy7316500725603155558.jpg; mrousavy4029049907881024289.jpg; mrousavy2408068437020840990.jpg; mrousavy2124171651459239965.jpg; mrousavy4280880893908601458.jpg
408E1,mrousavy6766920492869090666.jpg; mrousavy4380379830553852739.jpg; mrousavy2316283131012625264.jpg; mrousavy2262726191634782526.jpg; mrousavy2544636179150642879.jpg; mrousavy1409723118899226034.jpg
408E2,mrousavy6897302863320124116.jpg; mrousavy4704518511484472642.jpg; mrousavy2448419607268524456.jpg; mrousavy4561049863100094168.jpg; mrousavy393596549522623599.jpg; mrousavy2897471658318086619.jpg
409E1,mrousavy6462990123028326001.jpg; mrousavy4970940770025218570.jpg; mrousavy1021085898001497692.jpg; mrousavy2009093912444858062.jpg; mrousavy7365486498505369092.jpg; mrousavy611055896095257604.jpg
409E2,mrousavy3646190070556120179.jpg; mrousavy4629981745786273587.jpg; mrousavy3745675525317393536.jpg; mrousavy2213338040699818828.jpg; mrousavy5699881945273036468.jpg; mrousavy4074530205880508602.jpg
410E1,mrousavy5423188470955727447.jpg; mrousavy7817737781809453672.jpg; mrousavy3273519026876321664.jpg; mrousavy5473680133761696085.jpg; mrousavy1088661004758143082.jpg; mrousavy1161410649989072853.jpg
410E2,mrousavy8987725234918055714.jpg; mrousavy6849532127562833673.jpg; mrousavy6886012406380475793.jpg; mrousavy493800191219154450.jpg; mrousavy6691548140944600741.jpg; mrousavy6676710857886679836.jpg
411E1,mrousavy2152266955193506594.jpg; mrousavy8634067594216571954.jpg; mrousavy1385855675023317037.jpg; mrousavy3759800324008432147.jpg; mrousavy2295585609826237103.jpg; mrousavy7605151530767246672.jpg
411E2,mrousavy1671971935067833031.jpg; mrousavy4912139509577669553.jpg; mrousavy6259299136677314048.jpg; mrousavy4556473767922047759.jpg; mrousavy5768853302524615200.jpg; mrousavy3879441744561509634.jpg
412E1,mrousavy1740388145510832832.jpg; mrousavy6994519422092678758.jpg; mrousavy4054987516747918701.jpg; mrousavy3513015497886553661.jpg; mrousavy1874772614001536858.jpg; mrousavy5038015611236786832.jpg
412E2,mrousavy3698882387545690975.jpg; mrousavy6122906935359016691.jpg; mrousavy727415505346290950.jpg; mrousavy8490827299251703032.jpg; mrousavy5111764630398135795.jpg; mrousavy2011073081638482405.jpg
413E1,mrousavy5185245810269051274.jpg; mrousavy7860116469580871991.jpg; mrousavy2954643467352407274.jpg; mrousavy1037353338459678950.jpg; mrousavy193147512841107381.jpg; mrousavy665841310423194353.jpg
413E2,mrousavy9109837074843052799.jpg; mrousavy735469503906685396.jpg; mrousavy5605278192666116838.jpg; mrousavy3368402654893005069.jpg; mrousavy1010014494407078889.jpg; mrousavy9108262764843929754.jpg
414E1,mrousavy7379946150037636791.jpg; mrousavy5741907506974106193.jpg; mrousavy3173117707168835393.jpg; mrousavy7198555750743536335.jpg; mrousavy160444971619042872.jpg; mrousavy3397203438125573691.jpg
414E2,mrousavy2700540659167101504.jpg; mrousavy316101313767259293.jpg; mrousavy4985792117481982961.jpg; mrousavy5989427508021832872.jpg; mrousavy6366308679185243481.jpg; mrousavy8052503529270447907.jpg
415E1,mrousavy8407440189094238343.jpg; mrousavy4011242107724662551.jpg; mrousavy2896963491267302211.jpg; mrousavy3571685067249422409.jpg; mrousavy9093744652435605597.jpg; mrousavy2450958159606551019.jpg
415E2,mrousavy1122754711882800141.jpg; mrousavy3181426746078021933.jpg; mrousavy5462820185765954940.jpg; mrousavy8845146388735566529.jpg; mrousavy4600356877630282524.jpg; mrousavy7224963512738919623.jpg
416E1,mrousavy1959451676282527091.jpg; mrousavy2556827096895476749.jpg; mrousavy9172484875603338315.jpg; mrousavy5435350271058298729.jpg; mrousavy1578313769395031299.jpg; mrousavy8229374692347341979.jpg
416E2,mrousavy6736542103290793999.jpg; mrousavy4075505410689038529.jpg; mrousavy8543921457004217609.jpg; mrousavy966303949145022614.jpg; mrousavy4895519993235315015.jpg; mrousavy7112181290211850253.jpg
417E1,mrousavy8366409316109868900.jpg; mrousavy8942394457887780990.jpg; mrousavy7332933924302905452.jpg; mrousavy22446249797416.jpg; mrousavy5751516549415201295.jpg; mrousavy7244328891045274030.jpg
417E2,mrousavy1167392745474218669.jpg; mrousavy6114396035171562470.jpg; mrousavy2656431519577352952.jpg; mrousavy5879399739631335871.jpg; mrousavy8010221264618459341.jpg; mrousavy1504187643374752068.jpg
418E2,mrousavy372387144177478929.jpg; mrousavy1326293183875399151.jpg; mrousavy2780003531657731847.jpg; mrousavy8810636616681976678.jpg; mrousavy5914691842974666613.jpg; mrousavy4939990160709780005.jpg
419E1,mrousavy4056710720545702247.jpg; mrousavy1168383287608525511.jpg; mrousavy3021416000767194695.jpg; mrousavy6059798423533682688.jpg; mrousavy8119687571517756855.jpg; mrousavy5234850308724282910.jpg
419E2,mrousavy7284371320629148965.jpg; mrousavy6023416518767027782.jpg; mrousavy5337778194316134611.jpg; mrousavy7600225180264934086.jpg; mrousavy5507149832409630747.jpg; mrousavy4940127347511839153.jpg
420E1,mrousavy7763665736858474086.jpg; mrousavy4513311786747745418.jpg; mrousavy3346448206056689830.jpg; mrousavy1202267029823852167.jpg; mrousavy7441045705657580251.jpg; mrousavy4631369027814764307.jpg
420E2,mrousavy7086079945027032465.jpg; mrousavy4578679318143224756.jpg; mrousavy4870313500840371038.jpg; mrousavy1330789014604937851.jpg; mrousavy8353222719776448922.jpg; mrousavy2077929480799951419.jpg
421E1,mrousavy6950380673528652327.jpg; mrousavy3691904359915211193.jpg; mrousavy4665830818405520526.jpg; mrousavy4046139740354906360.jpg; mrousavy4817393586689722616.jpg; mrousavy6714733993150708995.jpg
421E2,mrousavy2019494240392944194.jpg; mrousavy8241662259272716074.jpg; mrousavy5430633536823196636.jpg; mrousavy5263992375244513419.jpg; mrousavy3116647533922562282.jpg; mrousavy3400286039802463455.jpg
422E1,mrousavy3340950133057085322.jpg; mrousavy6570701989530191640.jpg; mrousavy7803260533745775109.jpg; mrousavy8748123868000461276.jpg; mrousavy169753904045640724.jpg; mrousavy3879093805161087495.jpg
422E2,mrousavy8188255119442745639.jpg; mrousavy5526425307379288942.jpg; mrousavy82523702581493762.jpg; mrousavy6245067919575997074.jpg; mrousavy801282979468351228.jpg; mrousavy8814320248710225918.jpg
423E1,mrousavy5731122353697283357.jpg; mrousavy8613776235822018297.jpg; mrousavy6513472762325854969.jpg; mrousavy5528387275726781691.jpg; mrousavy6924467209850294233.jpg; mrousavy6787494027741142070.jpg
423E2,mrousavy9023537161752332732.jpg; mrousavy4182048478931484486.jpg; mrousavy1019884813003409915.jpg; mrousavy6159497263228464259.jpg; mrousavy8417526361056612215.jpg; mrousavy1525304365238350640.jpg
424E1,mrousavy4728580439144670748.jpg; mrousavy5575273149155493206.jpg; mrousavy5338153124639723828.jpg; mrousavy8030481173328758618.jpg; mrousavy2537934930820762074.jpg; mrousavy8182233654680068058.jpg
424E2,mrousavy3979666456380223088.jpg; mrousavy8848958116866113270.jpg; mrousavy9213536386852857001.jpg; mrousavy8487611731337442511.jpg; mrousavy7180256439562649815.jpg; mrousavy3635625144138555205.jpg
425E1,mrousavy4227455360656839362.jpg; mrousavy8732023833006419654.jpg; mrousavy3028146049808348407.jpg; mrousavy2385459926326291120.jpg; mrousavy4353077937727737458.jpg; mrousavy4893224266720703137.jpg
425E2,mrousavy3293864123638667899.jpg; mrousavy4339675749081161936.jpg; mrousavy6838201199848806705.jpg; mrousavy1424676749501340867.jpg; mrousavy6552603261730298197.jpg; mrousavy9139013773565033450.jpg
426E1,mrousavy3805825815931504267.jpg; mrousavy6415037009338835412.jpg; mrousavy4056760112478287485.jpg; mrousavy5629888912059667267.jpg; mrousavy1487432382636466891.jpg; mrousavy5815375231908058210.jpg
426E2,mrousavy6644492578846584238.jpg; mrousavy6876915726636049696.jpg; mrousavy3078519890713582852.jpg; mrousavy3933914958314138207.jpg; mrousavy8477672100579557737.jpg; mrousavy7085328024518179750.jpg
427E1,mrousavy5501370920539204375.jpg; mrousavy8500235756886140173.jpg; mrousavy3619871371018184598.jpg; mrousavy7998142113106010553.jpg; mrousavy7470122458670444771.jpg; mrousavy3933586207370843873.jpg
427E2,mrousavy3731561490934401007.jpg; mrousavy1993702469412205440.jpg; mrousavy5470672039499079454.jpg; mrousavy3149939707587836906.jpg; mrousavy1854798180852290761.jpg; mrousavy1072297911489748639.jpg
428E1,mrousavy8139716093626376818.jpg; mrousavy8036850892422199711.jpg; mrousavy1412700923793942885.jpg; mrousavy8760336464120243583.jpg; mrousavy3907136155590837777.jpg; mrousavy557205395124069399.jpg
428E2,mrousavy3771412185621849754.jpg; mrousavy3086381882991661811.jpg; mrousavy1371628842062156854.jpg; mrousavy1295095494949326332.jpg; mrousavy2694738369797200049.jpg; mrousavy7937631284203627036.jpg
429E1,mrousavy4264802586953209357.jpg; mrousavy8152776224061703703.jpg; mrousavy4467747125621725271.jpg; mrousavy2501705911923947721.jpg; mrousavy7590957824419532620.jpg
429E2,mrousavy6171423108172036360.jpg; mrousavy8313201968528494217.jpg; mrousavy1939612200721145114.jpg; mrousavy1527701072202293187.jpg; mrousavy5124472074795554231.jpg; mrousavy5377032250725826372.jpg
430E1,mrousavy4974958911386128320.jpg; mrousavy929687101644405725.jpg; mrousavy5185669692397490452.jpg; mrousavy4315798840757719184.jpg; mrousavy5437490968600719474.jpg; mrousavy7519231913072933142.jpg
430E2,mrousavy2520088280593035902.jpg; mrousavy1958792151242836536.jpg; mrousavy8690953592858007095.jpg; mrousavy8984463409534780348.jpg; mrousavy4064814643344226499.jpg; mrousavy5068688952638292830.jpg
431E1,mrousavy4326452016600624716.jpg; mrousavy1890541402487703121.jpg; mrousavy1699357435583167676.jpg; mrousavy1407819134710524364.jpg; mrousavy2867570531108763784.jpg
431E2,mrousavy4387765544684314075.jpg; mrousavy1192221634203316862.jpg; mrousavy2540711369764152629.jpg; mrousavy273440137847349348.jpg
432E1,mrousavy5157362019245239864.jpg; mrousavy6246029949966823086.jpg; mrousavy1249135019402549413.jpg; mrousavy2407704232274115815.jpg; mrousavy7580840403352340371.jpg; mrousavy2342116342354079863.jpg
432E2,mrousavy8604685023049716882.jpg; mrousavy5790264665018241384.jpg; mrousavy2604724675029396196.jpg; mrousavy8735674898770840466.jpg; mrousavy1759108468462704791.jpg; mrousavy127127836165933838.jpg
433E1,mrousavy396176516005405103.jpg; mrousavy626963875073290646.jpg; mrousavy8853946464808943263.jpg; mrousavy1847449498360410182.jpg; mrousavy6451240391577495424.jpg; mrousavy8809791339820013146.jpg
433E2,mrousavy1724208335740570297.jpg; mrousavy7696993887813911333.jpg; mrousavy5474970025732753802.jpg; mrousavy6185473429695392218.jpg; mrousavy9484271381931611.jpg; mrousavy450989957092410072.jpg
434E1,mrousavy9081584433408816948.jpg; mrousavy2575629357684617798.jpg; mrousavy655542764342389860.jpg; mrousavy4727268444971509348.jpg; mrousavy4197265515753230496.jpg; mrousavy8483652949937733887.jpg
434E2,mrousavy9125115237082348525.jpg; mrousavy6344477272166897240.jpg; mrousavy513463934865838708.jpg; mrousavy7730465207499915200.jpg; mrousavy3169962753672559354.jpg; mrousavy7158405173749611636.jpg
435E1,mrousavy8734789627746497353.jpg; mrousavy2856439191063447708.jpg; mrousavy2743481924072445111.jpg; mrousavy1731916067208775828.jpg; mrousavy353155784897713087.jpg; mrousavy1791467903798524798.jpg
435E2,mrousavy1177137394921173184.jpg; mrousavy3980701057062618981.jpg; mrousavy1226100156704510161.jpg; mrousavy6602342978156018023.jpg; mrousavy7073360192201119673.jpg; mrousavy1670364753029209544.jpg
436E1,mrousavy5463138860209491357.jpg; mrousavy5826980559569546915.jpg; mrousavy3404838369141936473.jpg; mrousavy6261129485423045011.jpg; mrousavy3184820843725425671.jpg; mrousavy7713014117723226094.jpg
436E2,mrousavy3304646310966595905.jpg; mrousavy6839600000553596027.jpg; mrousavy3708023025931836765.jpg; mrousavy2247023376656141943.jpg; mrousavy4549344469790659505.jpg; mrousavy5114943423342981162.jpg; mrousavy4133520350593199766.jpg
437E1,mrousavy5322309144328929987.jpg; mrousavy52677836240230513.jpg; mrousavy8096095014777640525.jpg; mrousavy4350850943555842892.jpg; mrousavy6003354582683128486.jpg; mrousavy2747210076825987770.jpg
437E2,mrousavy5165836580366038922.jpg; mrousavy7790091576989891624.jpg; mrousavy6575864300801574735.jpg; mrousavy8611981781382690901.jpg; mrousavy683146279958846578.jpg; mrousavy7942058452201394937.jpg
438E1,mrousavy5474734523821027320.jpg; mrousavy2399048857233484739.jpg; mrousavy8531277409995275437.jpg; mrousavy2707772261050623509.jpg; mrousavy8151848466130609425.jpg; mrousavy8409530604041884393.jpg
438E2,mrousavy8352452843840275739.jpg; mrousavy1841660380536785628.jpg; mrousavy54985079526463730.jpg; mrousavy7518254589966999758.jpg; mrousavy5594322220543142006.jpg; mrousavy868412947114563588.jpg
439E1,mrousavy8136268443845868378.jpg; mrousavy2806815558651542755.jpg; mrousavy4073333023899859068.jpg; mrousavy4884121282816123506.jpg; mrousavy5723715382234953501.jpg; mrousavy487096358547355411.jpg
439E2,mrousavy565236906578946936.jpg; mrousavy6284428333357118909.jpg; mrousavy8300354881438267776.jpg; mrousavy7924847186262979827.jpg; mrousavy1248491836741683188.jpg; mrousavy2361976931064008316.jpg
440E1,mrousavy4870727308257257916.jpg; mrousavy3524184329458582796.jpg; mrousavy2302299740843888384.jpg; mrousavy8709733121718885909.jpg; mrousavy9203935456179725866.jpg; mrousavy184140831755463707.jpg
440E2,mrousavy6687934140774424051.jpg; mrousavy1479706839909690092.jpg; mrousavy9058687263661472623.jpg; mrousavy2936247206129830451.jpg; mrousavy6290244733886416660.jpg; mrousavy622285454761073466.jpg
441E1,mrousavy4214812463896649914.jpg; mrousavy1341015664061843955.jpg; mrousavy8529090972414052226.jpg; mrousavy4675518992502629070.jpg; mrousavy7888865037552847952.jpg; mrousavy8832542224329220330.jpg
441E2,mrousavy5434706018940276089.jpg; mrousavy2165322989251050462.jpg; mrousavy3989889988244106837.jpg; mrousavy3251474859512241259.jpg; mrousavy5600835262534586202.jpg; mrousavy3741886490221116909.jpg
442E1,mrousavy4875393035577993672.jpg; mrousavy1184230718156662005.jpg; mrousavy8497881482255730790.jpg; mrousavy2125175775248077726.jpg; mrousavy6516292706765972785.jpg; mrousavy1903378552609479412.jpg
442E2,mrousavy7165800763042594437.jpg; mrousavy306085809283523965.jpg; mrousavy2800410947964271979.jpg; mrousavy5135750327783988079.jpg
443E1,mrousavy4146614144079705213.jpg; mrousavy1066932739796039382.jpg; mrousavy6245401612471091949.jpg; mrousavy7096040729179895836.jpg; mrousavy3286808092913030331.jpg; mrousavy6216091043744509885.jpg
443E2,mrousavy7509248167451489382.jpg; mrousavy6765285475168250630.jpg; mrousavy1354775215046567424.jpg; mrousavy6199873043283350047.jpg; mrousavy6551346662378366983.jpg; mrousavy1460587443561026727.jpg
444E1,mrousavy1935714035724880180.jpg; mrousavy1805903385089253284.jpg; mrousavy1900537248511374945.jpg; mrousavy4293629930797524650.jpg; mrousavy6974734436129253230.jpg; mrousavy8448988305291845729.jpg
444E2,mrousavy5233325847519226377.jpg; mrousavy6505558495253304189.jpg; mrousavy703132150661357598.jpg; mrousavy7884722568446893109.jpg; mrousavy661250156653795751.jpg; mrousavy1006009999285317589.jpg
445E1,mrousavy2143871313334754526.jpg; mrousavy2644237143682445872.jpg; mrousavy633301268882207981.jpg; mrousavy7843838253436002414.jpg; mrousavy8512369627425548537.jpg; mrousavy3866144766919497999.jpg
445E2,mrousavy1896475294897771692.jpg; mrousavy1530446133218381004.jpg; mrousavy3750164758908410063.jpg; mrousavy9100950992587415139.jpg; mrousavy8603511746274599432.jpg; mrousavy2307087176926126315.jpg
446E1,mrousavy5067948964385674010.jpg; mrousavy863564696144250483.jpg; mrousavy8254272872296448420.jpg; mrousavy7680656172858340204.jpg; mrousavy2270062337062780010.jpg; mrousavy4639062313852071883.jpg
446E2,mrousavy375432608681635120.jpg; mrousavy4893055448827255095.jpg; mrousavy4471906104199132748.jpg; mrousavy2199587506125486460.jpg; mrousavy7861074280364387468.jpg; mrousavy2199062974244592863.jpg
447E1,mrousavy849859467952693308.jpg; mrousavy7797368487772477278.jpg; mrousavy6418085699711472041.jpg; mrousavy8336510186632040282.jpg; mrousavy5195227073951443850.jpg; mrousavy3898323237799911988.jpg
447E2,mrousavy215546717627293646.jpg; mrousavy5404661122237264051.jpg; mrousavy3620533335385228188.jpg; mrousavy8936107436033316830.jpg; mrousavy8382319649854673765.jpg; mrousavy6963769879345529740.jpg
448E1,mrousavy8236219907724682638.jpg; mrousavy6692860135884151301.jpg; mrousavy885707141949655893.jpg; mrousavy1907760543540202926.jpg; mrousavy1746786917597051302.jpg; mrousavy4083715962488996844.jpg
448E2,mrousavy2505736552417989483.jpg; mrousavy2857035192764128965.jpg; mrousavy934219078472482509.jpg; mrousavy3706524108134460678.jpg; mrousavy7798089207377918406.jpg; mrousavy3855440900410669619.jpg
449E1,mrousavy6424189810158554834.jpg; mrousavy280591357834905537.jpg; mrousavy4487830017452000392.jpg; mrousavy2492119399523302724.jpg; mrousavy8269438240352425259.jpg; mrousavy2320266796882731962.jpg
449E2,mrousavy6503714233339359468.jpg; mrousavy789248955312815362.jpg; mrousavy5099303729580143884.jpg; mrousavy779178272953380465.jpg; mrousavy8737271740121023254.jpg; mrousavy7188428423568928310.jpg
450E1,mrousavy4056604013016011733.jpg; mrousavy6597884224178380252.jpg; mrousavy903316149387075382.jpg; mrousavy6351386220172351323.jpg; mrousavy8096590354965092847.jpg; mrousavy7682910640135117936.jpg
450E2,mrousavy3105110785166733492.jpg; mrousavy7208036316389105331.jpg; mrousavy5143844148438252897.jpg; mrousavy4850441452487772948.jpg; mrousavy1239857715874409640.jpg; mrousavy46961731454374214.jpg
451E1,mrousavy1056897084467797456.jpg; mrousavy2270124804281815597.jpg; mrousavy22202189449456690.jpg; mrousavy8822417990038149594.jpg; mrousavy3814259441435920424.jpg; mrousavy5205620657923718500.jpg
451E2,mrousavy6870603183563621996.jpg; mrousavy4652411332712483376.jpg; mrousavy8251236492302567671.jpg; mrousavy5673386881624217978.jpg; mrousavy376640671880032473.jpg; mrousavy8421315799167818551.jpg
452E1,mrousavy4575649829438302565.jpg; mrousavy429993127676774554.jpg; mrousavy1459917131649597254.jpg; mrousavy3030704397353687876.jpg; mrousavy8864591492911352404.jpg; mrousavy5957216114053061659.jpg
452E2,mrousavy7938537003279681843.jpg; mrousavy5285306938297597539.jpg; mrousavy6475087081134005130.jpg; mrousavy12062619827363520.jpg; mrousavy493228211257283030.jpg; mrousavy7127493327070158483.jpg
453E1,mrousavy5317222346423703810.jpg; mrousavy7255750274627576916.jpg; mrousavy8659518656680240909.jpg; mrousavy2470080873399096246.jpg; mrousavy5818566724669985375.jpg; mrousavy8080148276720411112.jpg
453E2,mrousavy1961711794965044838.jpg; mrousavy417018704576381873.jpg; mrousavy2858367895218756578.jpg; mrousavy5572769327072557176.jpg; mrousavy5616506604249479532.jpg
454E1,mrousavy2432629478303906641.jpg; mrousavy6488120461008085540.jpg; mrousavy2949491190490033958.jpg; mrousavy7805409325135063395.jpg; mrousavy3134819129589975036.jpg; mrousavy3821280991638840255.jpg
454E2,mrousavy5568265585494068906.jpg; mrousavy5304956709728959176.jpg; mrousavy1905461963209139429.jpg; mrousavy4597880926771015076.jpg; mrousavy6228205694886926876.jpg; mrousavy5080198275587932380.jpg
455E1,mrousavy8856700564205217601.jpg; mrousavy2542053512542294162.jpg; mrousavy4829320733169880520.jpg; mrousavy1888935211219139599.jpg; mrousavy4721774908363906887.jpg; mrousavy8063614450581198238.jpg
455E2,mrousavy85455660093272268.jpg; mrousavy5232838140631679616.jpg; mrousavy3179194224346189019.jpg; mrousavy9043011816053477639.jpg; mrousavy2011297516520058919.jpg; mrousavy7278994597853355219.jpg
456E1,mrousavy2696935821208861185.jpg; mrousavy5677513608131420877.jpg; mrousavy6903800724892175605.jpg; mrousavy6975259798295657816.jpg; mrousavy3821871628669166866.jpg; mrousavy5436687554682609603.jpg
456E2,mrousavy416002007754175935.jpg; mrousavy837342702948818613.jpg; mrousavy820868318785273099.jpg; mrousavy5086187043409809116.jpg; mrousavy89258429675957846.jpg; mrousavy1250852214158720663.jpg
457E1,mrousavy5687758925372624648.jpg; mrousavy3021330316962166728.jpg; mrousavy8294523392884647140.jpg; mrousavy1538724086519405338.jpg; mrousavy7984090870111816370.jpg; mrousavy4662235903133265577.jpg
457E2,mrousavy8742526875149056459.jpg; mrousavy418971769516720764.jpg; mrousavy3136047751107002472.jpg; mrousavy8091724690280085442.jpg; mrousavy6626777440139243781.jpg; mrousavy3725068061591981819.jpg
458E1,mrousavy8011713322313301544.jpg; mrousavy7001076100752733953.jpg; mrousavy8338779732832935676.jpg; mrousavy9112699301711564659.jpg; mrousavy865280245321281850.jpg
458E2,mrousavy2623422265291017566.jpg; mrousavy4709799909597828427.jpg; mrousavy2496240527609755474.jpg; mrousavy862775579606527064.jpg; mrousavy2761718546993605403.jpg; mrousavy1178360542105136603.jpg
459E1,mrousavy2149024320125328438.jpg; mrousavy816767820384898271.jpg; mrousavy8368623258628747455.jpg; mrousavy2362500181139564164.jpg; mrousavy7542741830945209873.jpg; mrousavy1253165717705579719.jpg
459E2,mrousavy4701066089427733926.jpg; mrousavy6379932468008223558.jpg; mrousavy2815776239380152522.jpg; mrousavy7540696141609957257.jpg; mrousavy5711677327224745020.jpg
460E1,mrousavy4940416730579950168.jpg; mrousavy5757609481029451365.jpg; mrousavy1022317384614292469.jpg; mrousavy5052902713678627976.jpg; mrousavy2919288254339434477.jpg
460E2,mrousavy4055696514131888754.jpg; mrousavy5383460399051587691.jpg; mrousavy2862175247381291431.jpg; mrousavy8419894016933423363.jpg; mrousavy7364130510848317194.jpg; mrousavy5844502394041998707.jpg
461E1,mrousavy6772416254813695226.jpg; mrousavy1598128954201474564.jpg; mrousavy2257618172895724311.jpg; mrousavy6775191430663888195.jpg; mrousavy8814046322128943262.jpg
461E2,mrousavy8018556253449502949.jpg; mrousavy6129483760287019322.jpg; mrousavy2607898196495570856.jpg; mrousavy7911548762470201231.jpg; mrousavy8784337168098722867.jpg; mrousavy7637206186611128148.jpg
462E1,mrousavy3338910221037768419.jpg; mrousavy8811137289873268965.jpg; mrousavy7340472516536126408.jpg; mrousavy7683089758584492524.jpg; mrousavy7623884812475553110.jpg; mrousavy3016856683956994623.jpg
462E2,mrousavy8492000947038289063.jpg; mrousavy6868880004699291707.jpg; mrousavy8435184061304925288.jpg; mrousavy1646592665699758909.jpg; mrousavy695540455902687314.jpg
463E1,mrousavy4261253497576049786.jpg; mrousavy6809505081223888589.jpg; mrousavy5997526098053107083.jpg; mrousavy5629490173464992226.jpg; mrousavy8388828276714204116.jpg; mrousavy8490784662041813817.jpg
463E2,mrousavy5122358506572352246.jpg; mrousavy107817791665293093.jpg; mrousavy3323492932859180375.jpg; mrousavy2215337888912784170.jpg; mrousavy4929908018887829904.jpg; mrousavy4212012223206622791.jpg
464E1,mrousavy4189196511769552905.jpg; mrousavy4194036417532645804.jpg; mrousavy8130924623073512934.jpg; mrousavy3530295253814735894.jpg; mrousavy2521937911827410475.jpg; mrousavy5552723415117820127.jpg
464E2,mrousavy2805475422264084834.jpg; mrousavy8110711353467661191.jpg; mrousavy7619408808602174194.jpg; mrousavy2429233692711904169.jpg; mrousavy7851528835869936172.jpg; mrousavy4942326405489546100.jpg
465E1,mrousavy1181132907347721720.jpg; mrousavy5035021126107716042.jpg; mrousavy3062417846547569115.jpg; mrousavy8997983187460455885.jpg; mrousavy6899240350922257050.jpg; mrousavy8958952704358461840.jpg
465E2,mrousavy8195178712662132464.jpg; mrousavy1435016424251397369.jpg; mrousavy7484375171449143183.jpg; mrousavy1719143367386504123.jpg; mrousavy3152664686436609709.jpg; mrousavy2951544613777759820.jpg
466E1,mrousavy66905305258115703.jpg; mrousavy8466889413310195573.jpg; mrousavy5063582784975563674.jpg; mrousavy4016919676553443372.jpg; mrousavy23054782235028381.jpg; mrousavy6578888408853133335.jpg
466E2,mrousavy4952869173791138688.jpg; mrousavy8488170661410232070.jpg; mrousavy7132088536732426605.jpg; mrousavy7970491555805634084.jpg; mrousavy5965735966421336062.jpg; mrousavy1096106669804768170.jpg
467E1,mrousavy7145238188106551961.jpg; mrousavy696113667080506512.jpg; mrousavy1963597180457244121.jpg; mrousavy2100286631012924550.jpg; mrousavy410186736170421442.jpg; mrousavy8311415167094882677.jpg
467E2,mrousavy4632767502496361831.jpg; mrousavy5213949222674800007.jpg; mrousavy3118721281010364703.jpg; mrousavy265726603045239641.jpg; mrousavy8905110352317675780.jpg; mrousavy6774862970928193176.jpg
468E1,mrousavy1436176167317932747.jpg; mrousavy2873821552887266532.jpg; mrousavy2191204162109230541.jpg; mrousavy4805534027645275759.jpg; mrousavy521831311661254395.jpg; mrousavy8647494015712556319.jpg
468E2,mrousavy3880873629705137015.jpg; mrousavy6753480048284849095.jpg; mrousavy2910972144441609190.jpg; mrousavy2571732595488210126.jpg; mrousavy6169634399332189262.jpg; mrousavy2228776289339865143.jpg
469E1,mrousavy5673993746819095380.jpg; mrousavy4281321743049887147.jpg; mrousavy7088635861253521281.jpg; mrousavy7105258925514075955.jpg; mrousavy263405509919096125.jpg; mrousavy1655287532041506653.jpg
469E2,mrousavy7699771274110106779.jpg; mrousavy6601926658449052418.jpg; mrousavy776178108137368606.jpg; mrousavy5043431881755964106.jpg; mrousavy220987252532703414.jpg
470E1,mrousavy5370461651167029272.jpg; mrousavy1742138645364139989.jpg; mrousavy2474648895757265519.jpg; mrousavy7918828782248516803.jpg; mrousavy7300284404620826488.jpg; mrousavy4357164968444831518.jpg
470E2,mrousavy6028077460018714273.jpg; mrousavy1347903787360728168.jpg; mrousavy3193594460091601657.jpg; mrousavy5252624554711950664.jpg; mrousavy6867504065923087955.jpg; mrousavy3239304733739231065.jpg
471E1,mrousavy8250035336528406441.jpg; mrousavy5192847559778361358.jpg; mrousavy122673500587066851.jpg; mrousavy4681640745638528821.jpg; mrousavy2801675683625731500.jpg; mrousavy8806027490477677666.jpg
471E2,mrousavy7117437392153446669.jpg; mrousavy627487185389139958.jpg; mrousavy4248097397166454147.jpg; mrousavy7928114381093575561.jpg; mrousavy894872681165893200.jpg
472E1,mrousavy7659163065477785297.jpg; mrousavy4812373374505209239.jpg; mrousavy4711463247663877610.jpg; mrousavy9200346052433952241.jpg; mrousavy8644713251067354771.jpg; mrousavy6317501644873219601.jpg
472E2,mrousavy631539190356300857.jpg; mrousavy1125127092882136676.jpg; mrousavy736687157529664925.jpg; mrousavy7574568663940494433.jpg; mrousavy991723283334201356.jpg; mrousavy8691783798754322667.jpg
473E1,mrousavy422862144319176463.jpg; mrousavy3966049987857678038.jpg; mrousavy5677531391111331092.jpg; mrousavy1987411307043638140.jpg; mrousavy2472190667890672327.jpg; mrousavy2813070029136087535.jpg
473E2,mrousavy8934662635730187782.jpg; mrousavy5453092274498882792.jpg; mrousavy4142943032062127250.jpg; mrousavy4869084851159060241.jpg; mrousavy267265565082699892.jpg; mrousavy7834658752367746058.jpg
474E1,mrousavy1877069763226225232.jpg; mrousavy8751036519464695849.jpg; mrousavy953249249840703543.jpg; mrousavy5723374660364032556.jpg; mrousavy6959224041260811924.jpg
474E2,mrousavy7335048494302079902.jpg; mrousavy2712394026518816412.jpg; mrousavy7582895035379827741.jpg; mrousavy3865075060165012265.jpg; mrousavy2981177273904516073.jpg; mrousavy5328268375039071896.jpg
475E1,mrousavy4183741835963701189.jpg; mrousavy1164946571909652439.jpg; mrousavy1810515121432608450.jpg; mrousavy6347364027375164537.jpg; mrousavy850637690466885731.jpg; mrousavy5947833107318519037.jpg
475E2,mrousavy414322869210270019.jpg; mrousavy2396950410332685519.jpg; mrousavy70825592739894663.jpg; mrousavy7789004542627091290.jpg; mrousavy8711362804522521319.jpg; mrousavy8311528195059606843.jpg
476E1,mrousavy7767221303257325179.jpg; mrousavy3741205446948585051.jpg; mrousavy4310416505397228494.jpg; mrousavy4818090046504865773.jpg; mrousavy7841485903345204456.jpg; mrousavy5414579697292248369.jpg
476E2,mrousavy4790252850270719584.jpg; mrousavy4860812603017895807.jpg; mrousavy3803466860286617415.jpg; mrousavy7863934536435630913.jpg; mrousavy1234550938657202126.jpg; mrousavy5016427682411273062.jpg
477E1,mrousavy8321473628919284937.jpg; mrousavy102968831748478337.jpg; mrousavy2739448989157807558.jpg; mrousavy7668989027799657991.jpg; mrousavy7511803641310726844.jpg; mrousavy7538492772536370652.jpg
477E2,mrousavy5977422069062396147.jpg; mrousavy2354858029549149852.jpg; mrousavy518998540166645588.jpg; mrousavy2193667422395749009.jpg; mrousavy6039306763336316419.jpg
478E1,mrousavy2686602278344763232.jpg; mrousavy3174521408363756894.jpg; mrousavy3291643906494333455.jpg; mrousavy109978831673469531.jpg; mrousavy7537599592562198540.jpg; mrousavy4274055067423897869.jpg
478E2,mrousavy8921942606907108829.jpg; mrousavy8614344886696443837.jpg; mrousavy4053026542398898617.jpg; mrousavy814881346185523445.jpg; mrousavy4692992274119704515.jpg; mrousavy8145206725086818505.jpg
479E1,mrousavy9145054910459227413.jpg; mrousavy2752647239299429449.jpg; mrousavy7815226787086596652.jpg; mrousavy7606099405580966900.jpg; mrousavy3305964229117244025.jpg; mrousavy6884906051740007919.jpg
479E2,mrousavy4011180035613828854.jpg; mrousavy2756770980051216597.jpg; mrousavy2078387616290647659.jpg; mrousavy7015784606862316722.jpg; mrousavy3950402095050383743.jpg; mrousavy1061728976537412645.jpg
480E1,mrousavy3553723011143427294.jpg; mrousavy4880418067742771057.jpg; mrousavy2413667947136189748.jpg; mrousavy4950343329232495790.jpg; mrousavy779160679405773943.jpg
480E2,mrousavy5199309962594216683.jpg; mrousavy3416514149700905398.jpg; mrousavy5701723062176057691.jpg; mrousavy8264470080660593438.jpg; mrousavy1272457338507303697.jpg; mrousavy4775653591042422446.jpg
481E1,mrousavy5429084103195429055.jpg; mrousavy2271843904867613360.jpg; mrousavy6634382773493916704.jpg; mrousavy774830266143123066.jpg; mrousavy1811078031202621065.jpg; mrousavy3803354409182795462.jpg
481E2,mrousavy8360919362190059398.jpg; mrousavy5434392554127419827.jpg; mrousavy4413659747689585641.jpg; mrousavy4247202904575665114.jpg; mrousavy1694597216830742457.jpg; mrousavy5356321517780234635.jpg
482E1,mrousavy6344415121202893488.jpg; mrousavy4426538390840620156.jpg; mrousavy2839240433157699475.jpg; mrousavy6787298415063713815.jpg; mrousavy2387616622177942423.jpg; mrousavy5898640348946198023.jpg
482E2,mrousavy2145193379713968063.jpg; mrousavy5847463029005975203.jpg; mrousavy655784859719132637.jpg; mrousavy8211718645503993709.jpg; mrousavy5796743334581485032.jpg; mrousavy9146452248883498255.jpg
483E1,mrousavy4615937359210734515.jpg; mrousavy4713951837395364568.jpg; mrousavy6882431903842152976.jpg; mrousavy7877403221218271560.jpg; mrousavy7222146040946766341.jpg
483E2,mrousavy485996490086249787.jpg; mrousavy5943827621109725973.jpg; mrousavy9110985580528034334.jpg; mrousavy7902736715391832709.jpg; mrousavy7658198935174199700.jpg; mrousavy3936522616299838857.jpg
484E1,mrousavy2863352373647561528.jpg; mrousavy6017124586784869925.jpg; mrousavy6052692788615970011.jpg; mrousavy9009682489640847646.jpg; mrousavy7409100793803497086.jpg
484E2,mrousavy514326821754835736.jpg; mrousavy3159631247726110072.jpg; mrousavy5970561537932660031.jpg; mrousavy9196389466711012657.jpg; mrousavy3909740025328258258.jpg; mrousavy1217593346088554292.jpg
485E1,mrousavy6850992091570506460.jpg; mrousavy7953855766060227272.jpg; mrousavy7593075212826145484.jpg; mrousavy1886452733741427494.jpg; mrousavy2221281136382125684.jpg; mrousavy9017936623132949821.jpg
485E2,mrousavy8216029919237237550.jpg; mrousavy8207366696455376651.jpg; mrousavy120842498918078901.jpg; mrousavy4159423460780873344.jpg; mrousavy1533414577604810133.jpg; mrousavy6572900365669667162.jpg
486E1,mrousavy5438063444282575445.jpg; mrousavy3345337345602833268.jpg; mrousavy8349214824378009266.jpg; mrousavy507585939620222649.jpg; mrousavy2465107903323145329.jpg; mrousavy5420575341111114390.jpg
487E1,mrousavy3081795481665116762.jpg; mrousavy2735891895405543449.jpg; mrousavy5595241244963406614.jpg; mrousavy7102175717497529808.jpg; mrousavy4484957014400259593.jpg; mrousavy275051905963235587.jpg
487E2,mrousavy8824635179687457977.jpg; mrousavy2677025291459356448.jpg; mrousavy804277486074784818.jpg; mrousavy8664339745729111248.jpg; mrousavy6407103082355302377.jpg; mrousavy7187799671113320822.jpg
488E1,mrousavy3982141263818338551.jpg; mrousavy4044702233842718673.jpg; mrousavy7926808374157858598.jpg; mrousavy3256830922418972864.jpg; mrousavy2486306799291097023.jpg; mrousavy1907470203752743613.jpg
488E2,mrousavy8296256801651934843.jpg; mrousavy4507102529709194883.jpg; mrousavy129101009324399421.jpg; mrousavy115827166668210233.jpg; mrousavy568995328220280399.jpg; mrousavy6350658476464545199.jpg
489E1,mrousavy8478322268253974333.jpg; mrousavy1405176504683994816.jpg; mrousavy7023026880122658910.jpg; mrousavy8826415236655796136.jpg; mrousavy1949942798301536758.jpg; mrousavy1102568689067495021.jpg
489E2,mrousavy1388047868587809396.jpg; mrousavy3139541526888048233.jpg; mrousavy5896346803742891913.jpg; mrousavy6227692883322212476.jpg; mrousavy179353398638962245.jpg; mrousavy2008975292475749209.jpg
490E1,mrousavy7133647691984930661.jpg; mrousavy5041618874080775485.jpg; mrousavy7846515487837023455.jpg; mrousavy5586941230356381400.jpg; mrousavy7643642332860708339.jpg; mrousavy1510850191650078326.jpg
490E2,mrousavy7066119746780378969.jpg; mrousavy4453814176124338906.jpg; mrousavy8550492548256864174.jpg; mrousavy6336488640540197930.jpg; mrousavy7995432541850233890.jpg; mrousavy5308499497479475423.jpg
491E1,mrousavy1980226991195033086.jpg; mrousavy1042202768328703848.jpg; mrousavy8321190027143412899.jpg; mrousavy6678147607736879977.jpg; mrousavy7963278232339417260.jpg; mrousavy1962155560475678654.jpg
491E2,mrousavy4040068455134336441.jpg; mrousavy3212124066192282019.jpg; mrousavy2155711897666678880.jpg; mrousavy5881009978596200937.jpg; mrousavy7195918595083852087.jpg; mrousavy7748137483231065573.jpg
492E1,mrousavy7022200582682237932.jpg; mrousavy2386708802355807886.jpg; mrousavy8299519610545242323.jpg; mrousavy4306544423469356675.jpg; mrousavy1501449494501106784.jpg; mrousavy2734679306702737778.jpg
492E2,mrousavy3196327620329642516.jpg; mrousavy4512196578461057331.jpg; mrousavy4523983765097279882.jpg; mrousavy5305317002653528043.jpg; mrousavy7175513732098678266.jpg; mrousavy1215015176089952885.jpg
493E1,mrousavy3365133271349719623.jpg; mrousavy340262591049351738.jpg; mrousavy505585925058949558.jpg; mrousavy1826135621547469654.jpg; mrousavy5677056519971370237.jpg; mrousavy4950942622473774624.jpg
493E2,mrousavy7353670450575877173.jpg; mrousavy5603342776667826834.jpg; mrousavy9096996290638199516.jpg; mrousavy6867072846320514230.jpg; mrousavy6590402821463581144.jpg; mrousavy6644467717104059511.jpg
494E1,mrousavy60330331031819295.jpg; mrousavy4354314204035814254.jpg; mrousavy6555678532042096451.jpg; mrousavy3539251870903432801.jpg; mrousavy5857000796406119994.jpg; mrousavy5800241459659500451.jpg
494E2,mrousavy6222731415649234365.jpg; mrousavy5310267375531072759.jpg; mrousavy4419913845427212796.jpg; mrousavy3297492615741713443.jpg; mrousavy2255010878790770664.jpg; mrousavy2119698231631214505.jpg
495E1,mrousavy6460437942746378227.jpg; mrousavy4588245275681130912.jpg; mrousavy4117207113813803865.jpg; mrousavy6248200754060704524.jpg; mrousavy7374151725653104378.jpg; mrousavy5078086114835932967.jpg
495E2,mrousavy2429642967462373899.jpg; mrousavy8387029304759564773.jpg; mrousavy2954477369994257020.jpg; mrousavy9148893904977107574.jpg; mrousavy7642006682453628663.jpg; mrousavy7439913946093575787.jpg
496E1,mrousavy3525679862560196223.jpg; mrousavy3406923666818313136.jpg; mrousavy5968282553437969732.jpg; mrousavy4130693203763865374.jpg; mrousavy8115093642384244956.jpg; mrousavy1575808639544730892.jpg
496E2,mrousavy5080629149252648297.jpg; mrousavy5348657172052299157.jpg; mrousavy161937746642989275.jpg; mrousavy7888638956387809563.jpg; mrousavy7407488987406169624.jpg; mrousavy8279494997596038801.jpg
497E1,mrousavy4410165040910872742.jpg; mrousavy718705731387993374.jpg; mrousavy8618434975374246672.jpg; mrousavy2797025388471352463.jpg; mrousavy3137021440500094576.jpg; mrousavy1086537797244228627.jpg
497E2,mrousavy4566861904717068911.jpg; mrousavy1229560550138207466.jpg; mrousavy9202719842016308399.jpg; mrousavy2265165873300324679.jpg; mrousavy7491065052024602602.jpg; mrousavy5734998453898937188.jpg
498E1,mrousavy644327878200570919.jpg; mrousavy5261121323234044815.jpg; mrousavy7997619748483159378.jpg; mrousavy2978017155690688026.jpg; mrousavy3934959718754867626.jpg; mrousavy7918254802460870956.jpg
498E2,mrousavy724222410091594924.jpg; mrousavy6922354434017649126.jpg; mrousavy2626431250805258967.jpg; mrousavy684929746803903111.jpg; mrousavy3420397721255992585.jpg; mrousavy780907009871525756.jpg
499E1,mrousavy1047553110863126708.jpg; mrousavy7330586208529868180.jpg; mrousavy2939496322475116554.jpg; mrousavy7814420682828100426.jpg; mrousavy203625914570948468.jpg; mrousavy7392232816434026190.jpg
499E2,mrousavy2701396547719430956.jpg; mrousavy3255699682698710632.jpg; mrousavy9144850400470007585.jpg; mrousavy2992878599544623943.jpg; mrousavy6331039606986339613.jpg; mrousavy4421504029831945125.jpg
500E1,mrousavy3427544249933006845.jpg; mrousavy155223413182932491.jpg; mrousavy1758842430312791505.jpg; mrousavy1755181722803821682.jpg; mrousavy8061623133138122567.jpg; mrousavy6494030380581040037.jpg
500E2,mrousavy5983496979095472336.jpg; mrousavy4552810334231959464.jpg; mrousavy2274368144049654829.jpg; mrousavy189377982485924824.jpg; mrousavy6281572672178983350.jpg; mrousavy7652168595817847253.jpg
501E1,mrousavy2002023312806062611.jpg; mrousavy8355241222159864117.jpg; mrousavy5276089416204058288.jpg; mrousavy8000963641379314422.jpg; mrousavy8863509456056450809.jpg; mrousavy922701006853890661.jpg
501E2,mrousavy3795481314224899733.jpg; mrousavy5152133708541563807.jpg; mrousavy725846206776160263.jpg; mrousavy7645044051451248474.jpg; mrousavy5359113075801079419.jpg; mrousavy8919473020681015490.jpg
502E1,mrousavy3167507215772715361.jpg; mrousavy3821081548677280191.jpg; mrousavy2126804839215102706.jpg; mrousavy6933565394834179682.jpg; mrousavy1686037497720268720.jpg; mrousavy7589831791170899919.jpg
502E2,mrousavy7286623093306477288.jpg; mrousavy4799293685909386258.jpg; mrousavy856268801944135521.jpg; mrousavy8965947043056144641.jpg; mrousavy7796706436239840268.jpg; mrousavy2263573107826671710.jpg
503E1,mrousavy6795682449941948622.jpg; mrousavy3836381427176551615.jpg; mrousavy8749617676035390450.jpg; mrousavy1138073610453847051.jpg; mrousavy6377426586087237817.jpg; mrousavy9122891726879735335.jpg
503E2,mrousavy7875929822914136964.jpg; mrousavy1284115539644646991.jpg; mrousavy1258223212962791033.jpg; mrousavy6249567180276044579.jpg; mrousavy4821742377456071503.jpg; mrousavy8248547771966443006.jpg
504E1,mrousavy5910926218349325423.jpg; mrousavy6706510648875631669.jpg; mrousavy8380651110071754250.jpg; mrousavy3950653940608312755.jpg; mrousavy6188906951254690149.jpg; mrousavy2759332792586233851.jpg
504E2,mrousavy311896748109988106.jpg; mrousavy4165438737240518083.jpg; mrousavy7923590156202029348.jpg; mrousavy1340915199315065187.jpg; mrousavy5474182710220001674.jpg; mrousavy7734728081374363902.jpg
505E1,mrousavy5392127684892637441.jpg; mrousavy4956212982945766308.jpg; mrousavy2282652331615357530.jpg; mrousavy7098579958218555789.jpg; mrousavy6498307362242499629.jpg; mrousavy6196476076659541906.jpg
505E2,mrousavy3457172380761391848.jpg; mrousavy1628752302479433399.jpg; mrousavy2973098231262231126.jpg; mrousavy4102831957634012840.jpg; mrousavy3523709174762169901.jpg; mrousavy2436508553252493078.jpg
506E1,mrousavy2011246212549385673.jpg; mrousavy7397107620645342374.jpg; mrousavy6356686003539509485.jpg; mrousavy3399817307906429764.jpg; mrousavy6170375031799396311.jpg; mrousavy1545086535890905814.jpg
506E2,mrousavy4205394513268477917.jpg; mrousavy6167946512805969917.jpg; mrousavy4811640443422032710.jpg; mrousavy2682396377012579092.jpg; mrousavy8986221776583808329.jpg; mrousavy2078474488553582755.jpg
507E1,mrousavy3404107940887323582.jpg; mrousavy1608247714727462605.jpg; mrousavy4853766827029449670.jpg; mrousavy4278293041722490496.jpg; mrousavy4974769182769254609.jpg; mrousavy7141803347040060144.jpg
507E2,mrousavy5104749448529613196.jpg; mrousavy3445980187304567640.jpg; mrousavy432374461833224765.jpg; mrousavy6407150696167173235.jpg; mrousavy3742333666295569336.jpg; mrousavy2299730541388296034.jpg
508E1,mrousavy7762867228437049937.jpg; mrousavy3261498666588944963.jpg; mrousavy2723330850174558348.jpg; mrousavy6471540025140744149.jpg; mrousavy8869514760407510377.jpg; mrousavy5177012998129393264.jpg
508E2,mrousavy2716655301930509476.jpg; mrousavy3371758863977624388.jpg; mrousavy6065477212557432285.jpg; mrousavy1505107209109257524.jpg; mrousavy4933099487723159391.jpg; mrousavy2688266245621422763.jpg
509E1,mrousavy8138174486703568708.jpg; mrousavy7706597785619424914.jpg; mrousavy8871616599619053137.jpg; mrousavy7133606407945750047.jpg; mrousavy7370251567825045848.jpg; mrousavy5808606713331438660.jpg
509E2,mrousavy6058362329063545156.jpg; mrousavy53633162846256353.jpg; mrousavy3598835057786138301.jpg; mrousavy9021710588520845949.jpg; mrousavy8758514169753788728.jpg; mrousavy2480423663731245846.jpg
510E1,mrousavy474180190386954112.jpg; mrousavy411567458341652637.jpg; mrousavy9015217000307453374.jpg; mrousavy5773768419452479634.jpg; mrousavy7975219338198474258.jpg; mrousavy5376492658153420228.jpg
510E2,mrousavy84586936213889101.jpg; mrousavy511540730632814126.jpg; mrousavy6986479196249625108.jpg; mrousavy8366350588456184959.jpg; mrousavy6385834699574037639.jpg; mrousavy1516283433474100328.jpg
511E1,mrousavy3010906407861871917.jpg; mrousavy6085193317850965531.jpg; mrousavy333588330976942748.jpg; mrousavy4599477646260346421.jpg; mrousavy6791448402003004308.jpg; mrousavy6348060119517228702.jpg
511E2,mrousavy8069646575036687375.jpg; mrousavy3617938381391889076.jpg; mrousavy2853105618463593969.jpg; mrousavy4796244413733008945.jpg; mrousavy8706272821193590081.jpg; mrousavy3722444121166815369.jpg
512E1,mrousavy3922277267172206048.jpg; mrousavy1805938221203687717.jpg; mrousavy1243517406601752204.jpg; mrousavy1161953070858103066.jpg; mrousavy8445035037503926819.jpg; mrousavy942770966721123683.jpg
512E2,mrousavy6001171093719292237.jpg; mrousavy7357353736084466970.jpg; mrousavy8120020479865739957.jpg; mrousavy6920822476915470299.jpg; mrousavy8808707283767951885.jpg; mrousavy8181476941733802283.jpg
513E1,mrousavy3819636374021691683.jpg; mrousavy975513953891072131.jpg; mrousavy7489557015408535905.jpg; mrousavy1561457845123323307.jpg; mrousavy3909938333903525542.jpg; mrousavy3673158112139194197.jpg
513E2,mrousavy2042914884927271021.jpg; mrousavy7737754858212612530.jpg; mrousavy8129171198568599584.jpg; mrousavy7577942154114067131.jpg; mrousavy5282124016485784704.jpg; mrousavy8821862484412597521.jpg
514E1,mrousavy4572081526947271371.jpg; mrousavy3222620582166506144.jpg; mrousavy4029864153908390526.jpg; mrousavy3990736101055469918.jpg; mrousavy8949305649118015328.jpg; mrousavy2766576914939771347.jpg
514E2,mrousavy7095359664437357381.jpg; mrousavy5366217651108929680.jpg; mrousavy6823887734545925972.jpg; mrousavy4210008186789509456.jpg; mrousavy2477992487508710546.jpg; mrousavy1171413511849671644.jpg
515E1,mrousavy870247571718682392.jpg; mrousavy8856833490851553825.jpg; mrousavy5573819288438052531.jpg; mrousavy5114161658768497878.jpg; mrousavy7171177150539292093.jpg; mrousavy227471955744130937.jpg
515E2,mrousavy2055810657824129264.jpg; mrousavy662921900142734675.jpg; mrousavy3673921133206526812.jpg; mrousavy6138455170252425527.jpg; mrousavy5671424045172704206.jpg; mrousavy613319771138233602.jpg
516E1,mrousavy6933469981412594979.jpg; mrousavy7510241672702646346.jpg; mrousavy8662227423783254453.jpg; mrousavy7720745096564647887.jpg; mrousavy5303282517265563600.jpg; mrousavy1132520306406534495.jpg
516E2,mrousavy8704111037107272095.jpg; mrousavy577323345331217560.jpg; mrousavy4511321981084061897.jpg; mrousavy3491808160846922193.jpg; mrousavy135685123080482674.jpg; mrousavy2947713462080233988.jpg
517E1,mrousavy6261943191558202334.jpg; mrousavy3492819739599043407.jpg; mrousavy2416006826710247470.jpg; mrousavy6906119166952856947.jpg; mrousavy3202270541593729378.jpg; mrousavy3928445991585971624.jpg
517E2,mrousavy1033258852961657092.jpg; mrousavy3862587546744213881.jpg; mrousavy6140999078060013482.jpg; mrousavy4514629288376852050.jpg; mrousavy4812544181570026461.jpg; mrousavy8482368747992405792.jpg
518E1,mrousavy2423550057624220343.jpg; mrousavy4347091190523467354.jpg; mrousavy3284443607981651282.jpg; mrousavy1867471566657794360.jpg; mrousavy7162331961773415605.jpg; mrousavy8911307764241545878.jpg
518E2,mrousavy2547887256916650519.jpg; mrousavy5591146776844478894.jpg; mrousavy8882038600905155962.jpg; mrousavy255319967206796448.jpg; mrousavy793434905319853743.jpg; mrousavy2862470799302991994.jpg
519E1,mrousavy7340241316830317470.jpg; mrousavy3111872305956231132.jpg; mrousavy3530132562940356707.jpg; mrousavy3904888680464133874.jpg; mrousavy342449287923035174.jpg; mrousavy8408409646754750270.jpg
519E2,mrousavy6135003587698565905.jpg; mrousavy4630382456937181745.jpg; mrousavy1648071090632823526.jpg; mrousavy1092706699247604155.jpg; mrousavy6954662504710567326.jpg; mrousavy627397946892283232.jpg
520E1,mrousavy8957869911406508319.jpg; mrousavy8707418263840408227.jpg; mrousavy6591428029495548371.jpg; mrousavy8095094242831423840.jpg; mrousavy6617610033884014189.jpg; mrousavy2940080416131875143.jpg
520E2,mrousavy3992464216610712852.jpg; mrousavy1332990940317558087.jpg; mrousavy5418765458125410081.jpg; mrousavy1800370753901188037.jpg; mrousavy1052941513331875764.jpg; mrousavy6097305291004852264.jpg
521E1,mrousavy9016896778052391869.jpg; mrousavy9191964216434320850.jpg; mrousavy7669076499056223395.jpg; mrousavy72921163273799457.jpg; mrousavy7350316588180257168.jpg; mrousavy758601986101486060.jpg
521E2,mrousavy3071552030367109759.jpg; mrousavy6523963502693506122.jpg; mrousavy9099322326411876853.jpg; mrousavy2150085889453266221.jpg; mrousavy3289511137263062179.jpg; mrousavy6748491987915234333.jpg
522E1,mrousavy2413519015594428354.jpg; mrousavy4837181467488483436.jpg; mrousavy4449097080336605404.jpg; mrousavy3729813329138743608.jpg; mrousavy3553533915525125765.jpg; mrousavy515097113853903135.jpg
522E2,mrousavy3092473135382770566.jpg; mrousavy2556310972935986277.jpg; mrousavy480608066509988894.jpg; mrousavy2534757261863677585.jpg; mrousavy4592988060313009393.jpg; mrousavy1028321220896162119.jpg
523E1,mrousavy3582356606317223128.jpg; mrousavy773032400893630491.jpg; mrousavy6002662304739966570.jpg; mrousavy1631449284255026622.jpg; mrousavy9096210654583608985.jpg; mrousavy2954508675786721754.jpg
523E2,mrousavy3561464809704836766.jpg; mrousavy8841849595595333140.jpg; mrousavy2106522474644901229.jpg; mrousavy4854755886666944207.jpg; mrousavy4867478500876965382.jpg; mrousavy7112069525998458831.jpg
524E1,mrousavy3757860611153803955.jpg; mrousavy6702598316763609147.jpg; mrousavy2990665967235265919.jpg; mrousavy704444073680729394.jpg; mrousavy1754851325200673777.jpg; mrousavy2684082952041462039.jpg
524E2,mrousavy3665506087768424393.jpg; mrousavy2500142117532178328.jpg; mrousavy9153997338756367087.jpg; mrousavy301484356626408751.jpg; mrousavy3517002602989260085.jpg; mrousavy3684826407799920574.jpg
525E1,mrousavy5845844081827323078.jpg; mrousavy192731393657450412.jpg; mrousavy4745185808780644172.jpg; mrousavy7205760088884921223.jpg; mrousavy8568446233532329406.jpg; mrousavy4604942219332991603.jpg
525E2,mrousavy6418521378526366907.jpg; mrousavy8030420038142233469.jpg; mrousavy2499485827295346660.jpg; mrousavy8863754027958381699.jpg; mrousavy2971728471345320198.jpg; mrousavy3256133660509042480.jpg
526E1,mrousavy3343622728432711377.jpg; mrousavy6392699488199496027.jpg; mrousavy2871327018018409193.jpg; mrousavy4931110041384795896.jpg; mrousavy3640202085520945106.jpg; mrousavy8445775980829769577.jpg
526E2,mrousavy2722232111658851105.jpg; mrousavy3445839942352796060.jpg; mrousavy5264379142757139623.jpg; mrousavy8090969627410875050.jpg; mrousavy9073697551728705132.jpg; mrousavy7724433355653939457.jpg
527E1,mrousavy875549306131683761.jpg; mrousavy2863537740644879409.jpg; mrousavy5185289493827660921.jpg; mrousavy4847698494557254356.jpg; mrousavy5308584799943788359.jpg; mrousavy5827340410230824891.jpg
527E2,mrousavy5939111069545658530.jpg; mrousavy164902250361695701.jpg; mrousavy1484823130921499701.jpg; mrousavy8795890329199815161.jpg; mrousavy7245476657595090409.jpg; mrousavy5613049997694494230.jpg
528E1,mrousavy7800263257616979685.jpg; mrousavy4170288192850277695.jpg; mrousavy4727383819051294739.jpg; mrousavy7300157251024159965.jpg; mrousavy7286834094964734937.jpg; mrousavy4035036272692783140.jpg
528E2,mrousavy2961301924601637506.jpg; mrousavy5186248831448625814.jpg; mrousavy681160596644053434.jpg; mrousavy1328773844043610475.jpg; mrousavy6946299153550858666.jpg; mrousavy5839778806560080788.jpg
529E1,mrousavy1583653515732757882.jpg; mrousavy7080846632501390845.jpg; mrousavy7766411738158698704.jpg; mrousavy7892865375134519520.jpg; mrousavy5893894601711924672.jpg; mrousavy3769264991022444212.jpg
529E2,mrousavy4217099806180280175.jpg; mrousavy977802409195272492.jpg; mrousavy5452200633326512752.jpg; mrousavy6245015607722186100.jpg; mrousavy1317276832289240595.jpg; mrousavy6388314609821693727.jpg
530E1,mrousavy383820816374691851.jpg; mrousavy8870262951474756011.jpg; mrousavy1241538988925067581.jpg; mrousavy3911698244824299122.jpg; mrousavy4648778622808678270.jpg; mrousavy497725967711968752.jpg
530E2,mrousavy2708987095595070596.jpg; mrousavy7243182741463898177.jpg; mrousavy5363688300695916043.jpg; mrousavy6487836123800857440.jpg; mrousavy4096805892689377045.jpg; mrousavy512428130440168443.jpg
531E1,mrousavy2226811286012301670.jpg; mrousavy310872752801903222.jpg; mrousavy643173925317682039.jpg; mrousavy1739088769038527752.jpg; mrousavy7793022629604062531.jpg; mrousavy1535695109022643585.jpg
531E2,mrousavy5741186443268291381.jpg; mrousavy8926807239552701057.jpg; mrousavy251559217841062055.jpg; mrousavy4925762901217066197.jpg; mrousavy28264041481435854.jpg; mrousavy6334071552318358756.jpg
532E1,mrousavy8862286285978817915.jpg; mrousavy5761387497523278466.jpg; mrousavy2743067233543081904.jpg; mrousavy5685647025848772501.jpg; mrousavy3562853915992886425.jpg; mrousavy8148419414371307752.jpg
532E2,mrousavy343162459120558676.jpg; mrousavy3907206128082819016.jpg; mrousavy7618495655020382644.jpg; mrousavy4704130839810355429.jpg; mrousavy6231341210782998070.jpg; mrousavy2765200703726144230.jpg
533E1,mrousavy4571935429520138348.jpg; mrousavy8788326473797167048.jpg; mrousavy4658729031173933196.jpg; mrousavy3840360355008527746.jpg; mrousavy3718932508228008375.jpg; mrousavy3190588791390822560.jpg
533E2,mrousavy7452869463195772659.jpg; mrousavy5406811395926449826.jpg; mrousavy5680552530109025264.jpg; mrousavy9014516575115534809.jpg; mrousavy7722991919448654310.jpg; mrousavy8866530632601916024.jpg
534E1,mrousavy4431687352160079304.jpg; mrousavy2775041552950838577.jpg; mrousavy4549446733741224452.jpg; mrousavy7520100089879416078.jpg; mrousavy3748988566231445047.jpg; mrousavy7112166204562059661.jpg
534E2,mrousavy3203905531600787988.jpg; mrousavy59251724278871068.jpg; mrousavy8250925940352687925.jpg; mrousavy6977784195647830388.jpg; mrousavy370786499467218097.jpg; mrousavy2420390325227999558.jpg
535E1,mrousavy305184057634510155.jpg; mrousavy6886273729045224352.jpg; mrousavy8262914506355016163.jpg; mrousavy1326073200862148717.jpg; mrousavy6827787947044436706.jpg; mrousavy6871838161409726734.jpg
535E2,mrousavy8413278924498876280.jpg; mrousavy8881224235750025902.jpg; mrousavy2139549954849118723.jpg; mrousavy1484767442259140599.jpg; mrousavy7105316475930393855.jpg; mrousavy1128328368521075333.jpg
536E1,mrousavy6872675013284332636.jpg; mrousavy6524355593903049639.jpg; mrousavy355635036880120540.jpg; mrousavy1615164905037004325.jpg; mrousavy857353318743534678.jpg; mrousavy2986646231521381011.jpg
536E2,mrousavy7400686548061887113.jpg; mrousavy1476329813194850290.jpg; mrousavy545594760229931904.jpg; mrousavy4102225935706690574.jpg; mrousavy463875738857740849.jpg; mrousavy6572910605118522267.jpg
537E1,mrousavy3061509338213779452.jpg; mrousavy4987865752396666057.jpg; mrousavy5728631278472096100.jpg; mrousavy3355352806080264597.jpg; mrousavy3987266863649064130.jpg; mrousavy8518114760763051020.jpg
537E2,mrousavy8524294989120017512.jpg; mrousavy851907778145600735.jpg; mrousavy6749738964807986591.jpg; mrousavy8677221951113315119.jpg; mrousavy5047429362294679780.jpg; mrousavy107932669419669373.jpg
538E1,mrousavy6241083504432252925.jpg; mrousavy2717967792692295848.jpg; mrousavy6357463896723978061.jpg; mrousavy3297357518864039628.jpg; mrousavy7130533027082859948.jpg; mrousavy8311710153560870938.jpg
538E2,mrousavy2206592151014020929.jpg; mrousavy6657175016618190385.jpg; mrousavy7794795227290680258.jpg; mrousavy4163366402920356269.jpg; mrousavy2199875861924530669.jpg; mrousavy3864092890983894990.jpg
539E1,mrousavy8730576997472673917.jpg; mrousavy4338437566348182118.jpg; mrousavy5461726352021758365.jpg; mrousavy9150182688226702780.jpg; mrousavy2565522772358357430.jpg; mrousavy2934218910458866383.jpg
539E2,mrousavy74342285904695746.jpg; mrousavy2163772671312943666.jpg; mrousavy979298743430093696.jpg; mrousavy7905426355622755292.jpg; mrousavy2010046622050644945.jpg; mrousavy626022191976480249.jpg
540E1,mrousavy5947334968838687192.jpg; mrousavy829628147933707065.jpg; mrousavy2179974170348613457.jpg; mrousavy7086981396063874706.jpg; mrousavy4943727793072979780.jpg; mrousavy8118830200692877735.jpg
540E2,mrousavy4005978149550334498.jpg; mrousavy42439905532450857.jpg; mrousavy6466470007496005447.jpg; mrousavy2020122809598623182.jpg; mrousavy3441618316514969809.jpg; mrousavy7211108236836169335.jpg
541E1,mrousavy2598350135674792107.jpg; mrousavy5371590919426269939.jpg; mrousavy5913583803728927654.jpg; mrousavy4614642658882093099.jpg; mrousavy2478873802505877384.jpg; mrousavy1672927198456116264.jpg
541E2,mrousavy4988089020594569507.jpg; mrousavy3241404451750918253.jpg; mrousavy2840317856819972407.jpg; mrousavy5840594498746831703.jpg; mrousavy4598003423668599054.jpg; mrousavy3260484364413631365.jpg
542E1,mrousavy6852763212256681428.jpg; mrousavy2039100919954237045.jpg; mrousavy7726737664433068519.jpg; mrousavy31969147180767580.jpg; mrousavy6493313754725870390.jpg; mrousavy5716046560153054114.jpg
542E2,mrousavy3401485444799508937.jpg; mrousavy1275595130035418728.jpg; mrousavy3996393302911466162.jpg; mrousavy7532365319124090871.jpg; mrousavy13715811764209674.jpg; mrousavy75946313415400184.jpg
543E1,mrousavy1038224340958713455.jpg; mrousavy8504306897324177493.jpg; mrousavy6320191623671225753.jpg; mrousavy336614179268652211.jpg; mrousavy3314777222247581407.jpg; mrousavy3984911917921458366.jpg
543E2,mrousavy3541066481819435734.jpg; mrousavy4141600280255887909.jpg; mrousavy2287938021250322468.jpg; mrousavy3614983734405937353.jpg; mrousavy5638637799497048416.jpg; mrousavy36829704998102177.jpg
544E1,mrousavy7303891380382393382.jpg; mrousavy8855717803873130301.jpg; mrousavy6484846434216462476.jpg; mrousavy4303820627694376187.jpg; mrousavy3342416241690847333.jpg; mrousavy4875423221657719180.jpg
544E2,mrousavy8470554175220302131.jpg; mrousavy7110173307037223949.jpg; mrousavy8629264699848957800.jpg; mrousavy1831972601826190348.jpg; mrousavy2296512185361527923.jpg; mrousavy4919648143165520920.jpg
545E1,mrousavy3812152366314806351.jpg; mrousavy5948603738093691863.jpg; mrousavy8615246546246351673.jpg; mrousavy317193009757084349.jpg; mrousavy8130371325247844296.jpg; mrousavy6560238740668041446.jpg
545E2,mrousavy6403812581719761935.jpg; mrousavy1251881668617245602.jpg; mrousavy3785426993784563848.jpg; mrousavy2193862762584059628.jpg; mrousavy6069787854287897038.jpg; mrousavy3941642686685170943.jpg
546E1,mrousavy2570509899372994513.jpg; mrousavy7820564844921899892.jpg; mrousavy8705009285070145427.jpg; mrousavy1059411415647504169.jpg; mrousavy6328297173667356298.jpg; mrousavy4805854129042452859.jpg
546E2,mrousavy2098649963365782459.jpg; mrousavy7934677346886243379.jpg; mrousavy3396822981135693584.jpg; mrousavy1019494545120839977.jpg; mrousavy6852438440065374049.jpg; mrousavy8301367066953485345.jpg
547E1,mrousavy71448971693805144.jpg; mrousavy1717514177696918314.jpg; mrousavy211689206979308114.jpg; mrousavy5125623525229395132.jpg; mrousavy1200333295872959621.jpg; mrousavy412599897665992573.jpg
547E2,mrousavy1914299711526417012.jpg; mrousavy6979915796491900031.jpg; mrousavy6617851178540859566.jpg; mrousavy7272157490177582727.jpg; mrousavy3119636192943762303.jpg; mrousavy6108116980700315701.jpg
548E1,mrousavy1423059746117814690.jpg; mrousavy5432912259071246391.jpg; mrousavy3156816205985306645.jpg; mrousavy1273456113407926185.jpg; mrousavy4273645827679578596.jpg; mrousavy6425733689651975108.jpg
548E2,mrousavy6289897898511964489.jpg; mrousavy8373206470946774671.jpg; mrousavy3122424910424086478.jpg; mrousavy8660453528221074624.jpg; mrousavy3457053238992046633.jpg; mrousavy1958990619698120330.jpg
549E1,mrousavy2036881122714556493.jpg; mrousavy6221679361117951462.jpg; mrousavy6136161784088597499.jpg; mrousavy3993557502988229603.jpg; mrousavy4953694098425219953.jpg; mrousavy191785745336117905.jpg
549E2,mrousavy7900479424742462655.jpg; mrousavy6804092309900723216.jpg; mrousavy4499864392420424787.jpg; mrousavy5196865659954530009.jpg; mrousavy8811021745093187428.jpg; mrousavy7299884307808921387.jpg
550E1,mrousavy8105911366391966748.jpg; mrousavy5196912533311638928.jpg; mrousavy7321027734136042393.jpg; mrousavy4344869267358351651.jpg; mrousavy6665602064022261733.jpg; mrousavy6481840967992854202.jpg
550E2,mrousavy3907353573978674978.jpg; mrousavy4804578265558065809.jpg; mrousavy7739731249235765100.jpg; mrousavy73565107448890175.jpg; mrousavy6394786109731622882.jpg; mrousavy4838722139804155414.jpg
551E1,mrousavy5991563733395681832.jpg; mrousavy154241123693657092.jpg; mrousavy2472740423282135471.jpg; mrousavy6513492158757462847.jpg; mrousavy8976187570737288485.jpg; mrousavy6989300731482959960.jpg
551E2,mrousavy2080495470533697829.jpg; mrousavy1872261415386063786.jpg; mrousavy6135115698290597815.jpg; mrousavy1026232651805802917.jpg; mrousavy3236408420416319029.jpg; mrousavy7175077388959754274.jpg
552E2,mrousavy7612897422641159998.jpg; mrousavy3285469569680012416.jpg; mrousavy6983008906655610875.jpg; mrousavy6845960902915214639.jpg; mrousavy56566848307657946.jpg
553E1,mrousavy8125357123845101194.jpg; mrousavy7773764337230663087.jpg; mrousavy1711498902742380623.jpg; mrousavy7462024374440146576.jpg; mrousavy6781496008836928491.jpg; mrousavy1155606981139530579.jpg
553E2,mrousavy2320500996131542400.jpg; mrousavy8806903934848862300.jpg; mrousavy7528928793531002278.jpg; mrousavy8497133263160540824.jpg; mrousavy2817874480663613640.jpg; mrousavy2139338341380506051.jpg
554E1,mrousavy2056187015397477899.jpg; mrousavy6361889913921232665.jpg; mrousavy1319572771413525141.jpg; mrousavy6964713641869943039.jpg; mrousavy4700845495377581030.jpg; mrousavy5191344243186650290.jpg
554E2,mrousavy8404263675542711412.jpg; mrousavy1633146684070270766.jpg; mrousavy3948216363264846169.jpg; mrousavy4739967662932732550.jpg; mrousavy8688095328935365792.jpg
555E1,mrousavy7112341437724811935.jpg; mrousavy7097154151144730554.jpg; mrousavy7259737393551250298.jpg; mrousavy3940656537248468011.jpg; mrousavy8370654655171698280.jpg; mrousavy3149329451334880118.jpg
555E2,mrousavy484590147016609921.jpg; mrousavy725638579151934475.jpg; mrousavy8746065954859209441.jpg; mrousavy6665970371017115402.jpg; mrousavy1384157790604992416.jpg; mrousavy9053038421380638560.jpg
556E1,mrousavy80424825376492418.jpg; mrousavy3560535756970815751.jpg; mrousavy4885650911214453297.jpg; mrousavy602973836023716673.jpg; mrousavy3059963108202507378.jpg
556E2,mrousavy1833474039704394991.jpg; mrousavy6903743988923902104.jpg; mrousavy7700857551190212320.jpg; mrousavy5951106266411122109.jpg; mrousavy2628356425378116171.jpg
557E1,mrousavy8016778774362117339.jpg; mrousavy771826708582616095.jpg; mrousavy7913816339835201482.jpg; mrousavy2278674617063550995.jpg; mrousavy2299970336401795402.jpg
557E2,mrousavy8870971202044418910.jpg; mrousavy6610888853423679534.jpg; mrousavy4253148770165402878.jpg; mrousavy4906468883457339855.jpg; mrousavy5753036454276962004.jpg
558E1,mrousavy5125908141761176146.jpg; mrousavy6986496125881620301.jpg; mrousavy7748537439521673338.jpg; mrousavy5890871108449263188.jpg
558E2,mrousavy2548563009599587753.jpg; mrousavy1167305400336090064.jpg; mrousavy5586637361253280361.jpg; mrousavy543212355869897087.jpg; mrousavy2639958264478021925.jpg; mrousavy2413280497812310513.jpg
559E1,mrousavy8726409897850036135.jpg; mrousavy6297685353129964756.jpg; mrousavy7920038562763785204.jpg; mrousavy1663016113853487024.jpg; mrousavy5061953228461670268.jpg; mrousavy6110783312271395442.jpg
559E2,mrousavy7919361744379225569.jpg; mrousavy7625987905124250307.jpg; mrousavy6037385306571427484.jpg; mrousavy5872323089539539272.jpg; mrousavy2126181465796498030.jpg; mrousavy2693264504524860510.jpg
560E1,mrousavy2388445211847552050.jpg; mrousavy4202598987029025729.jpg; mrousavy2009084955032913570.jpg; mrousavy6881141164587085057.jpg; mrousavy4925370189603567825.jpg
560E2,mrousavy4160328976516072670.jpg; mrousavy6052344120667410932.jpg; mrousavy8197861545414093894.jpg; mrousavy4038690798049470922.jpg; mrousavy2813932141260814506.jpg
561E1,mrousavy4440942843279439049.jpg; mrousavy8382876640783151431.jpg; mrousavy2625738620308866653.jpg; mrousavy1002338951508652154.jpg; mrousavy5794002810020528729.jpg
561E2,mrousavy3170894207608977712.jpg; mrousavy958476420900292243.jpg; mrousavy4449120748337173555.jpg; mrousavy6217830741339259764.jpg; mrousavy1042661567425319202.jpg; mrousavy3260007770342049850.jpg
562E1,mrousavy1144903400067931099.jpg; mrousavy2831092309957726847.jpg; mrousavy693730254881702683.jpg; mrousavy6711898012567489639.jpg; mrousavy5660113495526312605.jpg
562E2,mrousavy1587484671870840980.jpg; mrousavy985075421809379644.jpg; mrousavy3952635798486180295.jpg; mrousavy6836585114792980852.jpg; mrousavy3236736494676678423.jpg
570E1,mrousavy3122769556102938092.jpg; mrousavy230184148583736828.jpg; mrousavy4636763383074232243.jpg; mrousavy1661329452304573338.jpg; mrousavy202461691067616447.jpg; mrousavy6290590099757120473.jpg
570E2,mrousavy7209270740556169581.jpg; mrousavy7344109456715959626.jpg; mrousavy513567371581033086.jpg; mrousavy152574661295201224.jpg; mrousavy5736205214200152390.jpg; mrousavy1290638006525047236.jpg
571E1,mrousavy4870367391119214933.jpg; mrousavy169844919737182526.jpg; mrousavy4024960214767488710.jpg; mrousavy2213131222863235308.jpg; mrousavy198325891037722216.jpg; mrousavy45639401372553673.jpg
571E2,mrousavy7331543806729705348.jpg; mrousavy2778432572405618253.jpg; mrousavy2451520081793671610.jpg; mrousavy3467140259002249219.jpg; mrousavy705529769956595272.jpg; mrousavy7831641222127216416.jpg
572E1,mrousavy4215544039638133040.jpg; mrousavy5515104123517068287.jpg; mrousavy1475637608701458557.jpg; mrousavy4429661111703053449.jpg; mrousavy4322136663929850102.jpg; mrousavy8625367017030638087.jpg
572E2,mrousavy4043254067191395382.jpg; mrousavy2229705666841133310.jpg; mrousavy2310070214220287323.jpg; mrousavy1565472147256904227.jpg; mrousavy64503921745200335.jpg; mrousavy637673978267543885.jpg
573E1,mrousavy9024899985598526536.jpg; mrousavy1132004027571425809.jpg; mrousavy4171576602597063248.jpg; mrousavy3294368496300549042.jpg; mrousavy5603121958350354785.jpg; mrousavy3188175948157933676.jpg
573E2,mrousavy6599081610691699441.jpg; mrousavy1157913372204270960.jpg; mrousavy3444579297976198366.jpg; mrousavy3698634099224966851.jpg; mrousavy7270093913919510265.jpg; mrousavy8914395429917413361.jpg
574E1,mrousavy8950092697418819760.jpg; mrousavy8122522142535786233.jpg; mrousavy8356467264291509507.jpg; mrousavy8218935296599888802.jpg; mrousavy6115492751709776577.jpg; mrousavy6245811091562980483.jpg
574E2,mrousavy4952912047751002454.jpg; mrousavy485239578014022084.jpg; mrousavy7503318853809761949.jpg; mrousavy7156340618395177877.jpg; mrousavy6014946076364843020.jpg; mrousavy5825350533725367798.jpg
575E1,mrousavy1899867027966765378.jpg; mrousavy8663938722165319744.jpg; mrousavy5234224413352830096.jpg; mrousavy3459841102126570382.jpg; mrousavy3705846731909601984.jpg; mrousavy220023661870947143.jpg
575E2,mrousavy533003676195509097.jpg; mrousavy3011039790774545804.jpg; mrousavy6133410582684569152.jpg; mrousavy1026841332570053770.jpg; mrousavy3158169142776974445.jpg; mrousavy2069395544155396216.jpg
576E1,mrousavy2134917496878141177.jpg; mrousavy8215251853559267115.jpg; mrousavy7430896640593811156.jpg; mrousavy2602415713942092280.jpg; mrousavy1230952639306337075.jpg; mrousavy5679227258428592731.jpg
576E2,mrousavy2886376727470859220.jpg; mrousavy2062706162885089861.jpg; mrousavy4003238448772077814.jpg; mrousavy6143219857179728948.jpg; mrousavy7500455360666364633.jpg; mrousavy2110230889996901973.jpg
577E1,mrousavy3868734425452289120.jpg; mrousavy4639788833053535650.jpg; mrousavy5293630179110832301.jpg; mrousavy7722880927755570087.jpg; mrousavy2629752167090700241.jpg; mrousavy8077161205164719566.jpg
577E2,mrousavy1463019869939914978.jpg; mrousavy2959862293270567829.jpg; mrousavy6971475899577097066.jpg; mrousavy9127661185637222460.jpg; mrousavy332045324861744360.jpg; mrousavy7654821837610614875.jpg
578E1,mrousavy491859791328182307.jpg; mrousavy1262167550944824131.jpg; mrousavy8140761860980584793.jpg; mrousavy1850083266932286560.jpg; mrousavy571815109579132936.jpg; mrousavy702503928440099401.jpg
578E2,mrousavy7560909133273859742.jpg; mrousavy9205139108914568637.jpg; mrousavy6538050568780693511.jpg; mrousavy6135934366289775276.jpg; mrousavy6232561702122795380.jpg; mrousavy4048129241038425349.jpg
579E1,mrousavy4762124097947220212.jpg; mrousavy1317908310561270572.jpg; mrousavy6259078923423563759.jpg; mrousavy3128955679674930673.jpg; mrousavy7484395305410081575.jpg; mrousavy6254615998363890516.jpg
579E2,mrousavy4511674837795870418.jpg; mrousavy4548722182451611565.jpg; mrousavy4537952774578176263.jpg; mrousavy1412647472109225153.jpg; mrousavy467749489217824176.jpg; mrousavy8765956870995217265.jpg
580E1,mrousavy1102717616929579229.jpg; mrousavy7668746395152278034.jpg; mrousavy7311367494359009574.jpg; mrousavy3686405678167806936.jpg; mrousavy3964200126100583450.jpg; mrousavy7927947036771456574.jpg
580E2,mrousavy5165033096963103553.jpg; mrousavy3244870303484852490.jpg; mrousavy1238301637638936224.jpg; mrousavy5673264449547071958.jpg; mrousavy997075382414741596.jpg; mrousavy269707407270039426.jpg
581E1,mrousavy2962223643875948024.jpg; mrousavy8696119531442886905.jpg; mrousavy5521991453676473404.jpg; mrousavy3734589257482033507.jpg; mrousavy2841115245661519934.jpg; mrousavy8054448571503119051.jpg
581E2,mrousavy9100327243916254759.jpg; mrousavy3100088977098283112.jpg; mrousavy3126903702208795281.jpg; mrousavy8271188989848397422.jpg; mrousavy2677594538416139963.jpg; mrousavy6836114156768840026.jpg
582E1,mrousavy1747716333405215416.jpg; mrousavy6559156933651284303.jpg; mrousavy9124271683629570982.jpg; mrousavy1340919539638490274.jpg; mrousavy8936442974319782958.jpg; mrousavy1506165357834385798.jpg
582E2,mrousavy8634328941300442756.jpg; mrousavy7444229197838857829.jpg; mrousavy3847145789147721330.jpg; mrousavy1002530875406819011.jpg; mrousavy839576142799926859.jpg; mrousavy7382132956878643459.jpg
583E1,mrousavy8664513127293244674.jpg; mrousavy4295844363184540875.jpg; mrousavy8445861319881273472.jpg; mrousavy9091891699990134763.jpg; mrousavy3798109764498886871.jpg; mrousavy617778758033731554.jpg
583E2,mrousavy4844687417051109626.jpg; mrousavy7938539444006567485.jpg; mrousavy6597855388995235191.jpg; mrousavy1635108409355612189.jpg; mrousavy2165823478447048358.jpg; mrousavy6998526341258827929.jpg
584E1,mrousavy830487738685771916.jpg; mrousavy3300332684455207744.jpg; mrousavy2252896866039582825.jpg; mrousavy6271911164101607305.jpg; mrousavy7971349709746251798.jpg; mrousavy3415505952462826683.jpg
584E2,mrousavy1696126514528595340.jpg; mrousavy8023529483557340180.jpg; mrousavy457817967460957846.jpg; mrousavy5439516940160258675.jpg; mrousavy6476889174175648212.jpg; mrousavy7460589444698172013.jpg
585E1,mrousavy2939391795243871847.jpg; mrousavy3357298477982336987.jpg; mrousavy6448159882400377537.jpg; mrousavy967900007216733348.jpg; mrousavy1165533655129548724.jpg; mrousavy5005484060018158572.jpg
585E2,mrousavy6676295525162336675.jpg; mrousavy2512594977862792804.jpg; mrousavy8944528487916807264.jpg; mrousavy4774953217163053218.jpg; mrousavy1072542168354839332.jpg; mrousavy8608906747206777306.jpg
586E1,mrousavy6064465086929586169.jpg; mrousavy8783186468521131203.jpg; mrousavy2417952438327795597.jpg; mrousavy1095804649046633098.jpg; mrousavy8287856930504558260.jpg; mrousavy6721095927421251608.jpg
586E2,mrousavy4191398699261481691.jpg; mrousavy1810663226724260203.jpg; mrousavy7994365197398152283.jpg; mrousavy2481536288112351599.jpg; mrousavy6258326982755714159.jpg; mrousavy1014792860963751162.jpg
587E1,mrousavy6302846178112096287.jpg; mrousavy4675932813829189694.jpg; mrousavy5485891143898715557.jpg; mrousavy5271594318454717027.jpg; mrousavy8725789863778007546.jpg; mrousavy4726749080866936837.jpg
587E2,mrousavy8643890448928748835.jpg; mrousavy3802050076371326532.jpg; mrousavy3864129202166532558.jpg; mrousavy7038550572990053440.jpg; mrousavy1107630701638455831.jpg; mrousavy6958984867111980410.jpg
588E1,mrousavy6212844612409698946.jpg; mrousavy6408696246021072915.jpg; mrousavy2678683340709779273.jpg; mrousavy3643416294719172426.jpg; mrousavy7957935296441058171.jpg; mrousavy3092561405911620588.jpg
588E2,mrousavy5046759783928475314.jpg; mrousavy7397225810578187582.jpg; mrousavy1281643872325541329.jpg; mrousavy6058409920428147208.jpg; mrousavy5691973314168298680.jpg; mrousavy7782347580823275001.jpg
589E1,mrousavy491683213406302745.jpg; mrousavy471039562623074700.jpg; mrousavy540310237745432387.jpg; mrousavy4395176857369104605.jpg; mrousavy3950260662255087731.jpg; mrousavy921247494010934542.jpg
589E2,mrousavy8480750572408307399.jpg; mrousavy7767036262439099023.jpg; mrousavy8151891379862709131.jpg; mrousavy1214697242402528740.jpg; mrousavy1007910192682856986.jpg; mrousavy2160859175654416451.jpg
590E1,mrousavy8886831128380957957.jpg; mrousavy8695793505101532990.jpg; mrousavy550416275922026636.jpg; mrousavy8041117301675881894.jpg; mrousavy4536877221172320804.jpg; mrousavy2129758034702756093.jpg
590E2,mrousavy6164285895939107955.jpg; mrousavy7142675369207646149.jpg; mrousavy5697249020356618738.jpg; mrousavy3003292348370991053.jpg; mrousavy7069398611138848747.jpg; mrousavy4769183629750262795.jpg
591E1,mrousavy1005429275658553390.jpg; mrousavy5969359443357383475.jpg; mrousavy7532176835312882483.jpg; mrousavy6698377890167510461.jpg; mrousavy8603493967149473123.jpg; mrousavy3290157508437165493.jpg
591E2,mrousavy5251417758207707798.jpg; mrousavy5853226696678887967.jpg; mrousavy7374110860832262240.jpg; mrousavy6739629399752986595.jpg; mrousavy1471495275330832860.jpg; mrousavy75079819174835270.jpg
592E1,mrousavy6264483270729046001.jpg; mrousavy3322135126359110526.jpg; mrousavy7577986833133842168.jpg; mrousavy1401892567023780284.jpg; mrousavy6773560894555552233.jpg; mrousavy2449596876028391373.jpg
592E2,mrousavy887630055896939524.jpg; mrousavy3739055758163000551.jpg; mrousavy8533425657455845187.jpg; mrousavy5871442414368729248.jpg; mrousavy8008031273696214787.jpg; mrousavy4932106984824005295.jpg
593E1,mrousavy6190970893185962794.jpg; mrousavy2908993740057537696.jpg; mrousavy7385007333821130263.jpg; mrousavy809457955866349388.jpg; mrousavy5658168769773751406.jpg; mrousavy7403959674864391127.jpg
593E2,mrousavy2194916531949505547.jpg; mrousavy9190329122569274849.jpg; mrousavy6414003568895367647.jpg; mrousavy6483647180873885126.jpg; mrousavy6860789240640261819.jpg; mrousavy6448172617128806679.jpg
594E1,mrousavy6545380284430105665.jpg; mrousavy457369237576018176.jpg; mrousavy2235870980146214533.jpg; mrousavy5057325288034799540.jpg; mrousavy4969599620883177534.jpg; mrousavy1954546774300828388.jpg
594E2,mrousavy7215280244353293959.jpg; mrousavy8332094275091571064.jpg; mrousavy2976622046433841413.jpg; mrousavy4346563506203087060.jpg; mrousavy304243309309600365.jpg; mrousavy3324979023257161887.jpg
595E1,mrousavy1470252413082988868.jpg; mrousavy1672950246443819976.jpg; mrousavy2898041095247039474.jpg; mrousavy6804510750446127256.jpg; mrousavy6344922655764421313.jpg; mrousavy7673608613262168351.jpg
595E2,mrousavy7854446787545182756.jpg; mrousavy8169592339996485077.jpg; mrousavy7152022025911820895.jpg; mrousavy5820523131154955495.jpg; mrousavy2661462574968127092.jpg; mrousavy7485207488815046932.jpg
596E1,mrousavy1079573722558691296.jpg; mrousavy5030789714293124977.jpg; mrousavy2050292291556122189.jpg; mrousavy1586636567806894646.jpg; mrousavy3427591554198281717.jpg; mrousavy6652552068905723793.jpg
596E2,mrousavy753721703428918725.jpg; mrousavy3009501175861246817.jpg; mrousavy7390569667348510512.jpg; mrousavy5316204855040248995.jpg; mrousavy3496399172934004522.jpg; mrousavy7203173375819514879.jpg; mrousavy7044912723931278038.jpg
598E1,mrousavy9034381978502442019.jpg; mrousavy6566801449671132580.jpg; mrousavy6534486323872134465.jpg; mrousavy7828129013196052041.jpg; mrousavy6161374743727808415.jpg; mrousavy5362738367145590258.jpg
598E2,mrousavy8514720407219905232.jpg; mrousavy393967776154528453.jpg; mrousavy2032494523299376605.jpg; mrousavy6982801962417984007.jpg; mrousavy6949523054501669380.jpg; mrousavy1753887303167113806.jpg; mrousavy5734182083348652813.jpg
599E1,mrousavy571096594529695967.jpg; mrousavy930396606037648875.jpg; mrousavy4590424157790615255.jpg; mrousavy2383207639926298089.jpg
599E2,mrousavy3771854608652438557.jpg; mrousavy3994556249704716672.jpg; mrousavy7135020966271212830.jpg; mrousavy7245843797762960533.jpg; mrousavy3444861193332627989.jpg; mrousavy4953153223324132803.jpg; mrousavy4702974597836982806.jpg
600E1,mrousavy1829406646435348589.jpg; mrousavy8526765413590244786.jpg; mrousavy2201210756870790395.jpg; mrousavy6930557530535059023.jpg; mrousavy207753384193205119.jpg; mrousavy2001865460939445416.jpg
600E2,mrousavy7244527482264152780.jpg; mrousavy4648793084956515863.jpg; mrousavy4461278421684124447.jpg; mrousavy6645954058925477182.jpg; mrousavy6510408427033555020.jpg
601E1,mrousavy588255993146640788.jpg; mrousavy6950160006660054578.jpg; mrousavy3857268067709923163.jpg; mrousavy4200591482723289565.jpg; mrousavy5611271051338736047.jpg
601E2,mrousavy1193416926407020671.jpg; mrousavy5881896914801118366.jpg; mrousavy5717165807288126533.jpg; mrousavy5579449886508101062.jpg; mrousavy1963676900695305155.jpg
602E1,mrousavy2274731095932995088.jpg; mrousavy3705520734795577316.jpg; mrousavy5297256094872751690.jpg; mrousavy2625946110917150389.jpg; mrousavy6137977747941536585.jpg; mrousavy3839850042608689044.jpg
602E2,mrousavy3373595740824453700.jpg; mrousavy5207811824501873197.jpg; mrousavy4122047130388050956.jpg; mrousavy8793112583595136696.jpg; mrousavy113569151097177805.jpg
603E1,mrousavy260035689499813158.jpg; mrousavy1296963815259912402.jpg; mrousavy7914470626578677324.jpg; mrousavy2989985525358782475.jpg; mrousavy4677088649019893900.jpg; mrousavy2790269257849505398.jpg
603E2,mrousavy7159079114131647974.jpg; mrousavy2949113666260160867.jpg; mrousavy6728097988123059567.jpg; mrousavy3404808872834749535.jpg; mrousavy443045411270399220.jpg
604E1,mrousavy1699968453205744667.jpg; mrousavy2416532707474085330.jpg; mrousavy523748809125630684.jpg; mrousavy4266140526818897706.jpg; mrousavy1437804163020677787.jpg; mrousavy8518087205141989054.jpg
604E2,mrousavy1947332886352790672.jpg; mrousavy2904262176478439085.jpg; mrousavy7488963058103898341.jpg; mrousavy6444563815073050397.jpg; mrousavy1151228798665762701.jpg; mrousavy4840625806850810465.jpg
605E1,mrousavy2062281415810524395.jpg; mrousavy5783379102825302006.jpg; mrousavy7701681958742864566.jpg; mrousavy254277842690674303.jpg; mrousavy7386480066543891650.jpg
605E2,mrousavy1059428602382353596.jpg; mrousavy4147466912376088548.jpg; mrousavy1002155058461103004.jpg; mrousavy6913461552653740974.jpg; mrousavy166538514163265857.jpg; mrousavy6584257993040671148.jpg
606E1,mrousavy2497676015842055522.jpg; mrousavy420917066973794742.jpg; mrousavy7772799760262827823.jpg; mrousavy9037884631949305993.jpg; mrousavy6001753524515543025.jpg
606E2,mrousavy6338322629809225778.jpg; mrousavy9042427836397902995.jpg; mrousavy575711817242166282.jpg; mrousavy8182712595202303784.jpg; mrousavy287586220745877855.jpg; mrousavy8787363901021190757.jpg
607E1,mrousavy3096101818356466076.jpg; mrousavy1044346267816618302.jpg; mrousavy5913262109834279782.jpg; mrousavy4973323289521924922.jpg; mrousavy6172908134102007716.jpg; mrousavy7214674334995120231.jpg
607E2,mrousavy2139310685655867109.jpg; mrousavy6231454131498420119.jpg; mrousavy8082538573183211897.jpg; mrousavy4652334453218674336.jpg; mrousavy8578387550125527500.jpg; mrousavy1740209705568872469.jpg
608E1,mrousavy8071907984065692618.jpg; mrousavy1539218461503825119.jpg; mrousavy6252185188144838523.jpg; mrousavy9171474656140372921.jpg; mrousavy2588622574779424093.jpg; mrousavy6883766732313678709.jpg
608E2,mrousavy6195325855429042611.jpg; mrousavy8257083182560998446.jpg; mrousavy8398362327054378475.jpg; mrousavy3424856835084239900.jpg; mrousavy8211587882297204991.jpg; mrousavy3503347821005404566.jpg
